{
  "total_contributions": {
    "0": 166.52997589111328,
    "1": 193.54654693603516,
    "2": 249.1333770751953,
    "3": 278.4555435180664
  },
  "avg_contributions": {
    "0": 83.26498794555664,
    "1": 96.77327346801758,
    "2": 83.04445902506511,
    "3": 92.81851450602214
  },
  "participation": {
    "3": 3,
    "1": 2,
    "2": 3,
    "0": 2
  },
  "inequality": {
    "gini": 0.11022270155972055,
    "cv": 0.1991152934359965,
    "mean_contribution": 221.91636085510254,
    "min_contribution": 166.52997589111328,
    "max_contribution": 278.4555435180664
  },
  "total_rounds": 5
}