{
  "total_contributions": {
    "0": 128.34363174438477,
    "1": 73.44767761230469,
    "2": 277.6490249633789,
    "3": 211.6172866821289,
    "4": 146.35371017456055,
    "5": 279.4367446899414,
    "6": 139.24411010742188,
    "7": 132.24281692504883,
    "8": 0.0
  },
  "avg_contributions": {
    "0": 64.17181587219238,
    "1": 73.44767761230469,
    "2": 69.41225624084473,
    "3": 70.53909556070964,
    "4": 73.17685508728027,
    "5": 69.85918617248535,
    "6": 69.62205505371094,
    "7": 66.12140846252441,
    "8": 0.0
  },
  "participation": {
    "3": 3,
    "5": 4,
    "2": 4,
    "4": 2,
    "6": 2,
    "1": 1,
    "7": 2,
    "0": 2,
    "8": 0
  },
  "inequality": {
    "gini": 0.21911889420553246,
    "cv": 0.5549466019916092,
    "mean_contribution": 154.25944476657443,
    "min_contribution": 0.0,
    "max_contribution": 279.4367446899414
  },
  "total_rounds": 5
}