client_id,train_size,train_prop,test_size,test_prop
0,3635,0.2411117007163704,483,0.12811671087533155
1,2713,0.17995489519766517,656,0.1740053050397878
2,3219,0.21351817458211728,1062,0.2816976127320955
3,2732,0.18121517643937385,703,0.18647214854111405
4,2777,0.18420005306447335,866,0.22970822281167108
