{
  "total_contributions": {
    "0": 138.89054107666016,
    "1": 149.11221313476562,
    "2": 359.65784454345703,
    "3": 228.15126037597656,
    "4": 70.33356475830078,
    "5": 165.8898468017578,
    "6": 0.0
  },
  "avg_contributions": {
    "0": 69.44527053833008,
    "1": 74.55610656738281,
    "2": 71.9315689086914,
    "3": 76.05042012532552,
    "4": 70.33356475830078,
    "5": 82.9449234008789,
    "6": 0.0
  },
  "participation": {
    "3": 3,
    "5": 2,
    "2": 5,
    "1": 2,
    "0": 2,
    "4": 1,
    "6": 0
  },
  "inequality": {
    "gini": 0.259461373231313,
    "cv": 0.6676084418995794,
    "mean_contribution": 158.862181527274,
    "min_contribution": 0.0,
    "max_contribution": 359.65784454345703
  },
  "total_rounds": 5
}