{
  "best_round": 2,
  "best_rouge1": 42.20421430410253,
  "best_rouge2": 21.976710327814846,
  "best_rougeL": 31.65937651405022,
  "best_bleu1": 31.353879456990573,
  "best_bleu4": 14.419831505168046,
  "best_train_loss": 1.113139053750038,
  "best_val_loss": 1.4153516294332362,
  "best_gini_coefficient": 0.0,
  "best_mean_contribution": 0.33362140600671,
  "best_min_contribution": 0.00031446540880503143,
  "best_max_contribution": 1.0,
  "best_cv_contribution": 0.0,
  "best_num_samples": 5000.0
}