{
  "round_times_sec": [
    1147.8668239116669,
    1153.4451305866241
  ],
  "total_time_sec": 2301.311956882477,
  "num_rounds": 2,
  "num_clients": 3
}