{
  "train_loss": [
    2.1469005427122116,
    1.113139053750038
  ],
  "val_loss": [
    1.4153489791582212,
    1.4153516294332362
  ],
  "test_loss": [
    null,
    1.4682265581228793
  ],
  "rouge1": [
    42.198071488426756,
    42.20421430410253
  ],
  "rouge2": [
    21.972737056396834,
    21.976710327814846
  ],
  "rougeL": [
    31.647797846847666,
    31.65937651405022
  ],
  "bleu1": [
    31.35212985057421,
    31.353879456990573
  ],
  "bleu2": [
    22.158899540958,
    22.162417488142513
  ],
  "bleu3": [
    17.62799816787994,
    17.631555787296488
  ],
  "bleu4": [
    14.41701548513875,
    14.419831505168046
  ],
  "gini_coefficient": [
    0.0,
    0.0
  ],
  "mean_contribution": [
    0.33362140600671,
    0.33362140600671
  ],
  "min_contribution": [
    0.00031446540880503143,
    0.00031446540880503143
  ],
  "max_contribution": [
    1.0,
    1.0
  ],
  "cv_contribution": [
    0.0,
    0.0
  ],
  "num_samples": [
    5000,
    5000
  ]
}