{
  "global_metrics": {
    "1": {
      "phase": "evaluation",
      "gini_coefficient": 0.0008822332232422451,
      "mean_contribution": 102.18048477172852,
      "min_contribution": 102.00019073486328,
      "max_contribution": 102.36077880859375,
      "cv_contribution": 0.0017644664464844901,
      "bleu1": 0.38019870270904876,
      "bleu2": 0.2519917015731254,
      "bleu3": 0.18872453175481524,
      "bleu4": 0.1452778945190509,
      "meteor": 0.0,
      "rouge1_f1": 0.4103882023473528,
      "rouge2_f1": 0.18884964604458052,
      "rougeL_f1": 0.2873951391755459,
      "loss": 1.843965421948168
    },
    "2": {
      "phase": "evaluation",
      "gini_coefficient": 0.014681503322025993,
      "mean_contribution": 84.79998779296875,
      "min_contribution": 82.31000518798828,
      "max_contribution": 87.28997039794922,
      "cv_contribution": 0.029363006644051986,
      "bleu1": 0.38889387144992527,
      "bleu2": 0.2582509346763395,
      "bleu3": 0.19378053203125642,
      "bleu4": 0.14930714083306962,
      "meteor": 0.0,
      "rouge1_f1": 0.4174028181998963,
      "rouge2_f1": 0.19243618642773627,
      "rougeL_f1": 0.2908996496583061,
      "loss": 1.8025049496856
    },
    "3": {
      "phase": "evaluation",
      "gini_coefficient": 0.026396488977406707,
      "mean_contribution": 77.61549758911133,
      "min_contribution": 73.5179443359375,
      "max_contribution": 81.71305084228516,
      "cv_contribution": 0.052792977954813414,
      "bleu1": 0.3821837013594188,
      "bleu2": 0.25429378721263945,
      "bleu3": 0.19116510903399267,
      "bleu4": 0.14751083491455474,
      "meteor": 0.0,
      "rouge1_f1": 0.4186045194417547,
      "rouge2_f1": 0.1948258691378837,
      "rougeL_f1": 0.291853360828723,
      "loss": 1.7941043215493362
    },
    "4": {
      "phase": "evaluation",
      "gini_coefficient": 0.006697946050594661,
      "mean_contribution": 77.99632263183594,
      "min_contribution": 76.95149230957031,
      "max_contribution": 79.04115295410156,
      "cv_contribution": 0.013395892101189322,
      "bleu1": 0.38376984857713503,
      "bleu2": 0.25647911880051916,
      "bleu3": 0.1928140560615792,
      "bleu4": 0.14862013361014964,
      "meteor": 0.0,
      "rouge1_f1": 0.42147219523279555,
      "rouge2_f1": 0.19729154569218244,
      "rougeL_f1": 0.29359394453522675,
      "loss": 1.773002005699608
    },
    "5": {
      "phase": "evaluation",
      "gini_coefficient": 0.003398699207954865,
      "mean_contribution": 73.73601531982422,
      "min_contribution": 73.23480224609375,
      "max_contribution": 74.23722839355469,
      "cv_contribution": 0.00679739841590973,
      "bleu1": 0.3966219847145928,
      "bleu2": 0.2665128258702143,
      "bleu3": 0.20117101971441703,
      "bleu4": 0.155788636056215,
      "meteor": 0.0,
      "rouge1_f1": 0.4243001864569703,
      "rouge2_f1": 0.20164778985261245,
      "rougeL_f1": 0.2984962386526144,
      "loss": 1.7684677354991436
    }
  },
  "client_metrics": {
    "4": {
      "1": {
        "client_id": 4,
        "epoch": 1,
        "phase": "train",
        "loss": 2.200273016977855
      },
      "4": {
        "client_id": 4,
        "epoch": 1,
        "phase": "train",
        "loss": 1.9711888220257732
      }
    },
    "1": {
      "1": {
        "client_id": 1,
        "epoch": 1,
        "phase": "train",
        "loss": 2.1999807881425437
      },
      "2": {
        "client_id": 1,
        "epoch": 1,
        "phase": "train",
        "loss": 2.0015208323243003
      },
      "3": {
        "client_id": 1,
        "epoch": 1,
        "phase": "train",
        "loss": 1.8922368108013872
      }
    },
    "3": {
      "2": {
        "client_id": 3,
        "epoch": 1,
        "phase": "train",
        "loss": 2.0821664373201725
      },
      "5": {
        "client_id": 3,
        "epoch": 1,
        "phase": "train",
        "loss": 1.9442798724311345
      }
    },
    "2": {
      "3": {
        "client_id": 2,
        "epoch": 1,
        "phase": "train",
        "loss": 2.043603634761216
      },
      "5": {
        "client_id": 2,
        "epoch": 1,
        "phase": "train",
        "loss": 1.9306203657021659
      }
    },
    "0": {
      "4": {
        "client_id": 0,
        "epoch": 1,
        "phase": "train",
        "loss": 2.026033531476874
      }
    }
  },
  "system_metrics": {
    "1754870394.6051059": {
      "cpu_percent": 13.1,
      "memory_rss_mb": 658.85546875,
      "memory_percent": 0.5126767173394928,
      "elapsed_time_seconds": 0.0008296966552734375
    },
    "1754873305.2970026": {
      "cpu_percent": 20.2,
      "memory_rss_mb": 4517.58984375,
      "memory_percent": 3.5152825486507457,
      "elapsed_time_seconds": 2910.6927263736725
    },
    "1754876077.3424244": {
      "cpu_percent": 20.8,
      "memory_rss_mb": 4123.25,
      "memory_percent": 3.2084339814020306,
      "elapsed_time_seconds": 5682.738147497177
    },
    "1754878941.8803196": {
      "cpu_percent": 27.5,
      "memory_rss_mb": 3409.85546875,
      "memory_percent": 2.6533186582446007,
      "elapsed_time_seconds": 8547.27604174614
    },
    "1754881787.9498067": {
      "cpu_percent": 23.7,
      "memory_rss_mb": 3576.7109375,
      "memory_percent": 2.783154286916222,
      "elapsed_time_seconds": 11393.345530033112
    }
  },
  "timestamp": "2025-08-11T10:56:10.661181",
  "experiment_name": "fed_distilbart_cnndm",
  "num_clients": 5
}