round,client_id,epoch,num_samples,class_0,class_1,class_2,class_3,class_4,class_5,class_6,class_7,class_8,class_9,class_10,class_11,class_12,class_13,class_14,class_15,class_16,class_17,class_18,class_19,prop_0,prop_1,prop_2,prop_3,prop_4,prop_5,prop_6,prop_7,prop_8,prop_9,prop_10,prop_11,prop_12,prop_13,prop_14,prop_15,prop_16,prop_17,prop_18,prop_19
21,1,1,5905,485,561,0,426,68,189,238,20,742,716,166,367,40,138,116,685,190,433,256,69,0.0821337849280271,0.09500423370025403,0.0,0.07214225232853513,0.011515664690939882,0.032006773920406434,0.040304826418289585,0.003386960203217612,0.12565622353937342,0.12125317527519051,0.02811176968670618,0.06215071972904319,0.006773920406435224,0.023370025402201525,0.01964436917866215,0.11600338696020322,0.03217612193056731,0.0733276883996613,0.04335309060118544,0.011685012701100762
