round,client_id,epoch,num_samples,class_0,class_1,class_2,class_3,class_4,class_5,class_6,class_7,class_8,class_9,class_10,class_11,class_12,class_13,class_14,class_15,class_16,class_17,class_18,class_19,prop_0,prop_1,prop_2,prop_3,prop_4,prop_5,prop_6,prop_7,prop_8,prop_9,prop_10,prop_11,prop_12,prop_13,prop_14,prop_15,prop_16,prop_17,prop_18,prop_19
19,0,1,9171,154,217,788,360,702,601,542,772,55,79,633,426,747,654,674,113,538,319,364,433,0.016792061934358303,0.023661541816595792,0.08592301820957365,0.03925417075564279,0.07654563297350343,0.06553265728928143,0.05909933485988442,0.08417838839821175,0.005997164976556537,0.00861410969359939,0.06902191691200524,0.04645076872751063,0.08145240431795878,0.07131174353941773,0.0734925308036201,0.01232144804274343,0.058663177407043944,0.03478355686402791,0.03969032820848326,0.047214044269981464
