round,client_id,accuracy,macro_precision,macro_recall,macro_f1,num_samples
5,0,0.76905311778291,0.6261815516151823,0.6751061375265908,0.6204587912462562,1732
5,1,0.7590775269872424,0.623757226218805,0.7349331126956795,0.6299944728988144,2038
