round,client_id,accuracy,macro_precision,macro_recall,macro_f1,num_samples
15,0,0.75635103926097,0.6296734323114762,0.6611406584324969,0.6129473682040062,1732
15,1,0.7713444553483808,0.6434207768485638,0.713640110666132,0.649268710478105,2038
