round,client_id,accuracy,macro_precision,macro_recall,macro_f1,num_samples
2,0,0.7280600461893765,0.6022364670696079,0.6424506970057001,0.5882368234339346,1732
2,1,0.7203140333660452,0.5948159553689224,0.6745774307331333,0.5899841795140561,2038
