round,client_id,accuracy,macro_precision,macro_recall,macro_f1,num_samples
8,0,0.7834872979214781,0.642237305217192,0.6855492785238309,0.637412278840973,1732
8,1,0.7600588812561334,0.6251711960626772,0.7293007401629996,0.632651669471708,2038
