round,client_id,accuracy,macro_precision,macro_recall,macro_f1,num_samples
1,0,0.7245958429561201,0.5812314987624692,0.6116713708067139,0.5677555869828448,1732
1,1,0.7060843964671246,0.564187482964226,0.658355829160541,0.5624724261206523,2038
