round,client_id,accuracy,macro_precision,macro_recall,macro_f1,num_samples
22,0,0.7696304849884527,0.6228445869218049,0.6907748177581918,0.6250788877715772,1732
22,1,0.781648675171737,0.6465615971747665,0.7665899605872298,0.6619569335096276,2038
