round,client_id,accuracy,macro_precision,macro_recall,macro_f1,num_samples
18,0,0.7725173210161663,0.6242609777955395,0.6856251964280203,0.6219877281484191,1732
18,1,0.7698724239450442,0.6400538492340437,0.7383486713569665,0.6498210655367787,2038
