round,client_id,accuracy,macro_precision,macro_recall,macro_f1,num_samples
14,0,0.7702078521939953,0.6214275729845117,0.6808831873020434,0.6117333177234058,1732
14,1,0.7718351324828263,0.6428865201407974,0.7282310489734524,0.6432787129265665,2038
