round,client_id,accuracy,macro_precision,macro_recall,macro_f1,num_samples
7,0,0.7407621247113164,0.6198458402337113,0.6759368538657856,0.6060839085264673,1732
7,1,0.7718351324828263,0.6370484170747728,0.7358848605281908,0.6490770782391443,2038
