round,client_id,accuracy,macro_precision,macro_recall,macro_f1,num_samples
11,0,0.7655889145496536,0.6198742323501897,0.684712342144042,0.6174675428282357,1732
11,1,0.7733071638861629,0.6457379205631171,0.7408734408160322,0.6547993390828731,2038
