round,client_id,accuracy,macro_precision,macro_recall,macro_f1,num_samples
20,0,0.7754041570438799,0.6258468856340911,0.6940285208653549,0.6247968565529848,1732
20,1,0.7698724239450442,0.639082707982128,0.7401835058734336,0.6422734119851952,2038
