round,client_id,accuracy,macro_precision,macro_recall,macro_f1,num_samples
21,0,0.766743648960739,0.6174189336306035,0.673281547949419,0.6153620808717026,1732
21,1,0.7654563297350343,0.6333027925581467,0.7544360963837603,0.6458478219181876,2038
