round,client_id,accuracy,macro_precision,macro_recall,macro_f1,num_samples
19,0,0.76905311778291,0.6295948600020587,0.6876790779890815,0.6199093201595519,1732
19,1,0.7620215897939157,0.6357662130029358,0.7561845274388224,0.648121443925385,2038
