round,client_id,accuracy,macro_precision,macro_recall,macro_f1,num_samples
17,0,0.7702078521939953,0.6279123464815418,0.6796776580522648,0.6228428633681381,1732
17,1,0.7654563297350343,0.6453695984099336,0.7559701433063942,0.6598475141623245,2038
