round,client_id,accuracy,macro_precision,macro_recall,macro_f1,num_samples
6,0,0.7465357967667436,0.6187125101718197,0.6601528687503136,0.601644088348437,1732
6,1,0.7688910696761531,0.6428862472975273,0.7314841321335102,0.6439884292642319,2038
