round,client_id,accuracy,macro_precision,macro_recall,macro_f1,num_samples
10,0,0.7615473441108545,0.6250059525866667,0.6749569921746417,0.6141593392613043,1732
10,1,0.7728164867517173,0.6464247365513277,0.7588328204917762,0.6618742786880715,2038
