round,client_id,accuracy,macro_precision,macro_recall,macro_f1,num_samples
9,0,0.7771362586605081,0.6351420550462237,0.6861814290875463,0.625395788974294,1732
9,1,0.7718351324828263,0.6405452318138682,0.7598541495969676,0.6504622678348609,2038
