round,client_id,accuracy,macro_precision,macro_recall,macro_f1,num_samples
12,0,0.7719399538106235,0.6214150828651748,0.6674092385980939,0.6169271100137415,1732
12,1,0.7669283611383709,0.6276582794372502,0.7390224585557289,0.6376027773175482,2038
