round,client_id,accuracy,macro_precision,macro_recall,macro_f1,num_samples
13,0,0.7644341801385681,0.6486165635986677,0.6777282565731328,0.6339474411563583,1732
13,1,0.7737978410206084,0.6506572204403536,0.7404914331519603,0.6560297534365936,2038
