round,client_id,accuracy,macro_precision,macro_recall,macro_f1,num_samples
16,0,0.7777136258660509,0.6253201680015283,0.6897194705955683,0.6223674765607636,1732
16,1,0.7684003925417076,0.6373085491978832,0.7281234852483236,0.649497249558831,2038
