round,client_id,accuracy,macro_precision,macro_recall,macro_f1,num_samples
4,0,0.7603926096997691,0.6266174044700588,0.6661133222286055,0.6101908409526,1732
4,1,0.7453385672227674,0.6092590779348102,0.6892590338868912,0.6070250619202444,2038
