{
  "total_contributions": {
    "0": 189.48069763183594,
    "1": 94.40756225585938,
    "2": 215.49459838867188
  },
  "avg_contributions": {
    "0": 94.74034881591797,
    "1": 94.40756225585938,
    "2": 107.74729919433594
  },
  "participation": {
    "2": 2,
    "0": 2,
    "1": 1
  },
  "inequality": {
    "gini": 0.1616489020745159,
    "cv": 0.3126530600540964,
    "mean_contribution": 166.46095275878906,
    "min_contribution": 94.40756225585938,
    "max_contribution": 215.49459838867188
  },
  "total_rounds": 5
}