{
  "total_contributions": {
    "0": 223.06289672851562,
    "1": 81.9900131225586,
    "2": 378.116455078125,
    "3": 236.69944763183594,
    "4": 76.76558685302734,
    "5": 168.63483428955078
  },
  "avg_contributions": {
    "0": 74.3542989095052,
    "1": 81.9900131225586,
    "2": 75.623291015625,
    "3": 78.89981587727864,
    "4": 76.76558685302734,
    "5": 84.31741714477539
  },
  "participation": {
    "3": 3,
    "2": 5,
    "5": 2,
    "1": 1,
    "0": 3,
    "4": 1
  },
  "inequality": {
    "gini": 0.28967707612302523,
    "cv": 0.5297077370116189,
    "mean_contribution": 194.2115389506022,
    "min_contribution": 76.76558685302734,
    "max_contribution": 378.116455078125
  },
  "total_rounds": 5
}