client_id,train_size,train_prop,test_size,test_prop
0,1367,0.0906739188113558,436,0.1156498673740053
1,2158,0.14314141682143805,626,0.1660477453580902
2,1669,0.11070575749535685,613,0.16259946949602122
3,2132,0.14141682143804724,454,0.12042440318302387
4,1046,0.06938179888564606,255,0.06763925729442971
5,1356,0.08994428230299814,412,0.10928381962864721
6,1420,0.09418944016980632,366,0.09708222811671087
7,1803,0.11959405677898646,243,0.06445623342175066
8,2125,0.14095250729636508,365,0.09681697612732096
