{
  "best_round": 1,
  "best_rouge1": 43.273388356464295,
  "best_rouge2": 20.69586123713466,
  "best_rougeL": 30.339253455866956,
  "best_bleu1": 32.95565568749488,
  "best_bleu4": 13.029698152397533,
  "best_train_loss": 1.5330925314582178,
  "best_val_loss": 1.6140160913196033,
  "best_gini_coefficient": 0.0,
  "best_mean_contribution": 0.0013697156464694536,
  "best_min_contribution": 0.0004418912947414936,
  "best_max_contribution": 0.0030864197530864196,
  "best_cv_contribution": 0.0,
  "best_num_samples": 5000.0
}