{
  "round_times_sec": [
    1138.1433908939362,
    1137.0372469425201
  ],
  "total_time_sec": 2275.180640220642,
  "num_rounds": 2,
  "num_clients": 4
}