{
  "train_loss": [
    1.5330925314582178,
    1.4969531283981738
  ],
  "val_loss": [
    1.6140160913196033,
    1.6140161041348595
  ],
  "test_loss": [
    null,
    2.0109044568879266
  ],
  "rouge1": [
    43.273388356464295,
    43.27633837041337
  ],
  "rouge2": [
    20.69586123713466,
    20.694972434261082
  ],
  "rougeL": [
    30.339253455866956,
    30.326350494205094
  ],
  "bleu1": [
    32.95565568749488,
    32.95565568749488
  ],
  "bleu2": [
    22.342973617970422,
    22.342973617970422
  ],
  "bleu3": [
    16.884536269039252,
    16.884536269039252
  ],
  "bleu4": [
    13.029698152397533,
    13.029698152397533
  ],
  "gini_coefficient": [
    0.0,
    0.0
  ],
  "mean_contribution": [
    0.0013697156464694536,
    0.0013697156464694536
  ],
  "min_contribution": [
    0.0004418912947414936,
    0.0004418912947414936
  ],
  "max_contribution": [
    0.0030864197530864196,
    0.0030864197530864196
  ],
  "cv_contribution": [
    0.0,
    0.0
  ],
  "num_samples": [
    5000,
    5000
  ]
}