round,train_loss,val_loss,test_loss,rouge1,rouge2,rougeL,bleu1,bleu2,bleu3,bleu4,gini_coefficient,mean_contribution,min_contribution,max_contribution,cv_contribution,num_samples
1,1.5330925314582178,1.6140160913196033,,43.273388356464295,20.69586123713466,30.339253455866956,32.95565568749488,22.342973617970422,16.884536269039252,13.029698152397533,0.0,0.0013697156464694536,0.0004418912947414936,0.0030864197530864196,0.0,5000
2,1.4969531283981738,1.6140161041348595,2.0109044568879266,43.27633837041337,20.694972434261082,30.326350494205094,32.95565568749488,22.342973617970422,16.884536269039252,13.029698152397533,0.0,0.0013697156464694536,0.0004418912947414936,0.0030864197530864196,0.0,5000
