client_id,num_samples,kl_to_global,class_0,class_1,class_2,class_3,class_4,class_5,class_6,class_7,class_8,class_9,class_10,class_11,class_12,class_13,class_14,class_15,class_16,class_17,class_18,class_19,prop_0,prop_1,prop_2,prop_3,prop_4,prop_5,prop_6,prop_7,prop_8,prop_9,prop_10,prop_11,prop_12,prop_13,prop_14,prop_15,prop_16,prop_17,prop_18,prop_19,dirichlet_alpha
0,2654,0.5588344537356869,14,308,5,234,4,345,11,102,88,145,672,49,4,261,92,85,92,96,42,5,0.0052750565184626974,0.11605124340617935,0.0018839487565938207,0.08816880180859081,0.0015071590052750565,0.12999246420497362,0.004144687264506406,0.03843255463451394,0.033157498116051246,0.0546345139412208,0.2532027128862095,0.01846269781461944,0.0015071590052750565,0.09834212509419744,0.0346646571213263,0.03202712886209495,0.0346646571213263,0.03617181612660136,0.015825169555388093,0.0018839487565938207,0.5
1,3860,0.5413845499829192,45,99,529,0,581,20,15,388,194,209,53,1,64,131,386,643,40,184,1,277,0.011658031088082901,0.025647668393782384,0.13704663212435234,0.0,0.1505181347150259,0.0051813471502590676,0.0038860103626943004,0.10051813471502591,0.050259067357512954,0.054145077720207255,0.013730569948186529,0.00025906735751295336,0.016580310880829015,0.03393782383419689,0.1,0.166580310880829,0.010362694300518135,0.04766839378238342,0.00025906735751295336,0.07176165803108808,0.5
2,4835,0.4318148823723532,579,218,238,206,184,222,715,9,295,1,71,541,47,3,159,19,508,460,324,36,0.11975180972078593,0.04508790072388832,0.04922440537745605,0.04260599793174767,0.03805584281282316,0.04591520165460186,0.14788004136504654,0.001861427094105481,0.06101344364012409,0.00020682523267838676,0.01468459152016546,0.11189245087900723,0.009720785935884178,0.0006204756980351603,0.03288521199586349,0.003929679420889349,0.10506721820062048,0.09513960703205791,0.0670113753877973,0.007445708376421924,0.5
3,3727,0.44566449606936215,1,153,16,346,1,203,39,293,220,440,3,202,672,397,153,51,88,12,253,184,0.00026831231553528306,0.04105178427689831,0.004292997048564529,0.09283606117520794,0.00026831231553528306,0.05446740005366246,0.01046418030587604,0.07861550845183794,0.059028709417762275,0.11805741883552455,0.0008049369466058492,0.05419908773812718,0.1803058760397102,0.10651998926750737,0.04105178427689831,0.013683928092299437,0.02361148376710491,0.0032197477864233967,0.06788301583042662,0.04936946605849209,0.5
