round,client_id,epoch,num_samples,class_0,class_1,class_2,class_3,class_4,class_5,class_6,class_7,class_8,class_9,class_10,class_11,class_12,class_13,class_14,class_15,class_16,class_17,class_18,class_19,prop_0,prop_1,prop_2,prop_3,prop_4,prop_5,prop_6,prop_7,prop_8,prop_9,prop_10,prop_11,prop_12,prop_13,prop_14,prop_15,prop_16,prop_17,prop_18,prop_19
13,3,1,3727,1,153,16,346,1,203,39,293,220,440,3,202,672,397,153,51,88,12,253,184,0.00026831231553528306,0.04105178427689831,0.004292997048564529,0.09283606117520794,0.00026831231553528306,0.05446740005366246,0.01046418030587604,0.07861550845183794,0.059028709417762275,0.11805741883552455,0.0008049369466058492,0.05419908773812718,0.1803058760397102,0.10651998926750737,0.04105178427689831,0.013683928092299437,0.02361148376710491,0.0032197477864233967,0.06788301583042662,0.04936946605849209
