round,client_id,epoch,num_samples,class_0,class_1,class_2,class_3,class_4,class_5,class_6,class_7,class_8,class_9,class_10,class_11,class_12,class_13,class_14,class_15,class_16,class_17,class_18,class_19,prop_0,prop_1,prop_2,prop_3,prop_4,prop_5,prop_6,prop_7,prop_8,prop_9,prop_10,prop_11,prop_12,prop_13,prop_14,prop_15,prop_16,prop_17,prop_18,prop_19
11,2,1,4835,579,218,238,206,184,222,715,9,295,1,71,541,47,3,159,19,508,460,324,36,0.11975180972078593,0.04508790072388832,0.04922440537745605,0.04260599793174767,0.03805584281282316,0.04591520165460186,0.14788004136504654,0.001861427094105481,0.06101344364012409,0.00020682523267838676,0.01468459152016546,0.11189245087900723,0.009720785935884178,0.0006204756980351603,0.03288521199586349,0.003929679420889349,0.10506721820062048,0.09513960703205791,0.0670113753877973,0.007445708376421924
