round,client_id,epoch,num_samples,class_0,class_1,class_2,class_3,class_4,class_5,class_6,class_7,class_8,class_9,class_10,class_11,class_12,class_13,class_14,class_15,class_16,class_17,class_18,class_19,prop_0,prop_1,prop_2,prop_3,prop_4,prop_5,prop_6,prop_7,prop_8,prop_9,prop_10,prop_11,prop_12,prop_13,prop_14,prop_15,prop_16,prop_17,prop_18,prop_19
18,0,1,2654,14,308,5,234,4,345,11,102,88,145,672,49,4,261,92,85,92,96,42,5,0.0052750565184626974,0.11605124340617935,0.0018839487565938207,0.08816880180859081,0.0015071590052750565,0.12999246420497362,0.004144687264506406,0.03843255463451394,0.033157498116051246,0.0546345139412208,0.2532027128862095,0.01846269781461944,0.0015071590052750565,0.09834212509419744,0.0346646571213263,0.03202712886209495,0.0346646571213263,0.03617181612660136,0.015825169555388093,0.0018839487565938207
