round,client_id,epoch,num_samples,class_0,class_1,class_2,class_3,class_4,class_5,class_6,class_7,class_8,class_9,class_10,class_11,class_12,class_13,class_14,class_15,class_16,class_17,class_18,class_19,prop_0,prop_1,prop_2,prop_3,prop_4,prop_5,prop_6,prop_7,prop_8,prop_9,prop_10,prop_11,prop_12,prop_13,prop_14,prop_15,prop_16,prop_17,prop_18,prop_19
16,1,1,3860,45,99,529,0,581,20,15,388,194,209,53,1,64,131,386,643,40,184,1,277,0.011658031088082901,0.025647668393782384,0.13704663212435234,0.0,0.1505181347150259,0.0051813471502590676,0.0038860103626943004,0.10051813471502591,0.050259067357512954,0.054145077720207255,0.013730569948186529,0.00025906735751295336,0.016580310880829015,0.03393782383419689,0.1,0.166580310880829,0.010362694300518135,0.04766839378238342,0.00025906735751295336,0.07176165803108808
