round,client_id,accuracy,macro_precision,macro_recall,macro_f1,num_samples
2,0,0.7459138187221397,0.5530055124546683,0.6465887486016162,0.5328375790379857,673
2,1,0.6905882352941176,0.5561592652118652,0.6975700734988243,0.5454740160587979,850
2,2,0.7226415094339622,0.6191226270000241,0.6810524103293478,0.5786153024955123,1060
2,3,0.6916596461668071,0.5555892742548699,0.6482373606535201,0.5443504116325819,1187
