round,client_id,accuracy,macro_precision,macro_recall,macro_f1,num_samples
5,0,0.8068350668647846,0.5802019322909424,0.7449916646820671,0.6048565355826716,673
5,1,0.6976470588235294,0.5644320650738243,0.7261101243187137,0.5699106255532942,850
5,2,0.7669811320754717,0.6123865853133948,0.7301429838238601,0.6279275891307206,1060
5,3,0.7396798652064027,0.5747478865291135,0.6898682341338411,0.5806217934105758,1187
