round,client_id,accuracy,macro_precision,macro_recall,macro_f1,num_samples
11,0,0.8231797919762258,0.6434213757639274,0.7636172992026321,0.6608854589799211,673
11,1,0.7376470588235294,0.5997476746134283,0.6930571574402637,0.6127814438217072,850
11,2,0.7726415094339623,0.6221960438978817,0.7420073713461914,0.6293571128684186,1060
11,3,0.7649536647009267,0.6015174755275474,0.7170268242924093,0.6175667403556078,1187
