round,client_id,accuracy,macro_precision,macro_recall,macro_f1,num_samples
22,0,0.8112927191679049,0.619287635707415,0.7342765350297278,0.6304548080106189,673
22,1,0.7435294117647059,0.5933275130225439,0.6837228258386444,0.6123843803452883,850
22,2,0.7707547169811321,0.6408457836432355,0.7516999837007364,0.6502600074002828,1060
22,3,0.7716933445661331,0.6555640632309965,0.7747122323686427,0.6722284840357945,1187
