round,client_id,accuracy,macro_precision,macro_recall,macro_f1,num_samples
19,0,0.8172362555720654,0.6259816327463386,0.8106769859827135,0.6498717334346973,673
19,1,0.7482352941176471,0.5993416115844845,0.6864294926117445,0.6169727879765122,850
19,2,0.7594339622641509,0.6232535299055133,0.7243693206564731,0.6194903564362358,1060
19,3,0.7716933445661331,0.6063575746499833,0.7249111291613849,0.6195547866149862,1187
