round,client_id,accuracy,macro_precision,macro_recall,macro_f1,num_samples
15,0,0.8216939078751857,0.6739755016225606,0.8142497957015179,0.6790447684580384,673
15,1,0.7411764705882353,0.593759704334538,0.6809610950875544,0.6096049542031234,850
15,2,0.7613207547169811,0.633877581533321,0.7539958272383799,0.6264137964222096,1060
15,3,0.7674810446503791,0.6088719478751694,0.7227592593539645,0.6155369947584463,1187
