round,client_id,epoch,num_samples,class_0,class_1,class_2,class_3,class_4,class_5,class_6,class_7,class_8,class_9,class_10,class_11,class_12,class_13,class_14,class_15,class_16,class_17,class_18,class_19,prop_0,prop_1,prop_2,prop_3,prop_4,prop_5,prop_6,prop_7,prop_8,prop_9,prop_10,prop_11,prop_12,prop_13,prop_14,prop_15,prop_16,prop_17,prop_18,prop_19
6,5,1,2130,8,4,33,492,52,9,78,61,428,6,168,300,1,13,270,58,1,78,48,22,0.003755868544600939,0.0018779342723004694,0.015492957746478873,0.23098591549295774,0.024413145539906103,0.004225352112676056,0.036619718309859155,0.02863849765258216,0.20093896713615023,0.0028169014084507044,0.07887323943661972,0.14084507042253522,0.00046948356807511736,0.006103286384976526,0.1267605633802817,0.027230046948356807,0.00046948356807511736,0.036619718309859155,0.022535211267605635,0.010328638497652582
