round,client_id,epoch,num_samples,class_0,class_1,class_2,class_3,class_4,class_5,class_6,class_7,class_8,class_9,class_10,class_11,class_12,class_13,class_14,class_15,class_16,class_17,class_18,class_19,prop_0,prop_1,prop_2,prop_3,prop_4,prop_5,prop_6,prop_7,prop_8,prop_9,prop_10,prop_11,prop_12,prop_13,prop_14,prop_15,prop_16,prop_17,prop_18,prop_19
4,4,1,2665,3,34,15,1,442,182,57,13,1,432,11,31,3,407,11,12,274,116,282,338,0.001125703564727955,0.01275797373358349,0.005628517823639775,0.000375234521575985,0.16585365853658537,0.06829268292682927,0.021388367729831145,0.004878048780487805,0.000375234521575985,0.16210131332082553,0.004127579737335835,0.011632270168855536,0.001125703564727955,0.1527204502814259,0.004127579737335835,0.00450281425891182,0.10281425891181989,0.04352720450281426,0.10581613508442776,0.12682926829268293
