round,client_id,epoch,num_samples,class_0,class_1,class_2,class_3,class_4,class_5,class_6,class_7,class_8,class_9,class_10,class_11,class_12,class_13,class_14,class_15,class_16,class_17,class_18,class_19,prop_0,prop_1,prop_2,prop_3,prop_4,prop_5,prop_6,prop_7,prop_8,prop_9,prop_10,prop_11,prop_12,prop_13,prop_14,prop_15,prop_16,prop_17,prop_18,prop_19
6,3,1,2734,1,227,387,223,0,92,195,398,335,18,1,390,104,0,15,166,5,87,27,63,0.000365764447695684,0.08302852962692027,0.1415508412582297,0.08156547183613752,0.0,0.033650329188002925,0.07132406730065838,0.14557425018288223,0.12253108997805413,0.006583760058522311,0.000365764447695684,0.14264813460131676,0.038039502560351136,0.0,0.005486466715435259,0.06071689831748354,0.0018288222384784199,0.03182150694952451,0.009875640087783468,0.023043160204828092
