round,client_id,epoch,num_samples,class_0,class_1,class_2,class_3,class_4,class_5,class_6,class_7,class_8,class_9,class_10,class_11,class_12,class_13,class_14,class_15,class_16,class_17,class_18,class_19,prop_0,prop_1,prop_2,prop_3,prop_4,prop_5,prop_6,prop_7,prop_8,prop_9,prop_10,prop_11,prop_12,prop_13,prop_14,prop_15,prop_16,prop_17,prop_18,prop_19
15,6,1,1807,42,8,44,40,64,145,9,171,3,125,245,1,43,210,44,80,73,375,85,0,0.02324294410625346,0.004427227448810182,0.024349750968456003,0.02213613724405091,0.03541781959048146,0.08024349750968456,0.004980630879911455,0.09463198671831766,0.0016602102933038186,0.06917542888765911,0.13558384061981185,0.0005534034311012728,0.023796347537354733,0.11621472053126729,0.024349750968456003,0.04427227448810182,0.040398450470392915,0.20752628666297732,0.04703929164360819,0.0
