round,client_id,epoch,num_samples,class_0,class_1,class_2,class_3,class_4,class_5,class_6,class_7,class_8,class_9,class_10,class_11,class_12,class_13,class_14,class_15,class_16,class_17,class_18,class_19,prop_0,prop_1,prop_2,prop_3,prop_4,prop_5,prop_6,prop_7,prop_8,prop_9,prop_10,prop_11,prop_12,prop_13,prop_14,prop_15,prop_16,prop_17,prop_18,prop_19
17,1,1,2107,41,423,173,27,87,15,20,21,1,27,103,24,385,117,259,261,4,70,3,46,0.01945894636924537,0.2007593735168486,0.08210726150925486,0.012814428096820124,0.04129093497864262,0.007119126720455624,0.009492168960607499,0.009966777408637873,0.00047460844803037496,0.012814428096820124,0.04888467014712862,0.011390602752728999,0.18272425249169436,0.05552918841955387,0.12292358803986711,0.12387280493592787,0.0018984337921214998,0.03322259136212625,0.0014238253440911248,0.021831988609397248
