round,client_id,epoch,num_samples,class_0,class_1,class_2,class_3,class_4,class_5,class_6,class_7,class_8,class_9,class_10,class_11,class_12,class_13,class_14,class_15,class_16,class_17,class_18,class_19,prop_0,prop_1,prop_2,prop_3,prop_4,prop_5,prop_6,prop_7,prop_8,prop_9,prop_10,prop_11,prop_12,prop_13,prop_14,prop_15,prop_16,prop_17,prop_18,prop_19
6,0,1,1420,13,81,121,1,112,10,377,14,22,153,142,29,168,17,6,12,46,26,63,7,0.009154929577464789,0.05704225352112676,0.0852112676056338,0.0007042253521126761,0.07887323943661972,0.007042253521126761,0.26549295774647885,0.009859154929577466,0.015492957746478873,0.10774647887323943,0.1,0.020422535211267606,0.11830985915492957,0.011971830985915493,0.004225352112676056,0.008450704225352112,0.0323943661971831,0.018309859154929577,0.044366197183098595,0.004929577464788733
