round,client_id,accuracy,macro_precision,macro_recall,macro_f1,num_samples
17,0,0.7768331562167906,0.5942323070446003,0.6376380831135615,0.5850516374723667,941
17,1,0.7578231292517007,0.5713919086601861,0.719702689515683,0.5818268593236154,735
17,2,0.7859078590785907,0.6075337072628095,0.6759523749102747,0.6105199011198222,369
17,3,0.8074534161490683,0.47164657846456465,0.5581065178327278,0.46604271505048145,322
17,4,0.7037815126050421,0.6319696838990316,0.6909349786923317,0.6348139634333247,476
17,5,0.7245508982035929,0.545197938315111,0.7022244938136992,0.5495188627340541,334
17,6,0.7774030354131535,0.5510605449864361,0.6661688828345612,0.5708886028415402,593
