round,client_id,accuracy,macro_precision,macro_recall,macro_f1,num_samples
22,0,0.7789585547290117,0.5878561863480104,0.6275295347146423,0.5823675518974587,941
22,1,0.7619047619047619,0.5757786772102362,0.724437898177744,0.5816049385253341,735
22,2,0.7831978319783198,0.6290173804183238,0.6800192078557049,0.6321604621724163,369
22,3,0.8074534161490683,0.4628151656971841,0.5518862797374897,0.4560125569152188,322
22,4,0.6974789915966386,0.6188239499889789,0.7059552851832264,0.6268484509449872,476
22,5,0.7125748502994012,0.5490708918452821,0.691793913649236,0.5461941749752339,334
22,6,0.7757166947723441,0.5511889205650428,0.6678291737085618,0.5681662450593402,593
