round,client_id,accuracy,macro_precision,macro_recall,macro_f1,num_samples
2,0,0.6588735387885228,0.5425301376731584,0.5277517326273307,0.4899898660614917,941
2,1,0.6108843537414966,0.49946627976602886,0.6083298947696881,0.4508548029967711,735
2,2,0.6937669376693767,0.5727514491344279,0.5623094485853013,0.5196029694250244,369
2,3,0.7701863354037267,0.4227108123070856,0.4799802238368686,0.3782895699589512,322
2,4,0.6197478991596639,0.5353071066931445,0.5639993897714486,0.5013954194230962,476
2,5,0.6107784431137725,0.4950153318903319,0.5975778587978737,0.43501008681133513,334
2,6,0.6913996627318718,0.5183181795794964,0.5856189024458711,0.4806530592946082,593
