round,client_id,accuracy,macro_precision,macro_recall,macro_f1,num_samples
4,0,0.7332624867162593,0.5575147404839742,0.598272035697574,0.5387241655581202,941
4,1,0.7047619047619048,0.5823352933393429,0.6873756144095682,0.5436949391328045,735
4,2,0.7479674796747967,0.6141612703380329,0.6261978415179705,0.5951555921365642,369
4,3,0.8105590062111802,0.5041488207778597,0.5217361762178211,0.47248319078796097,322
4,4,0.6596638655462185,0.5990086323496314,0.6606317035361153,0.5810663119879524,476
4,5,0.6676646706586826,0.5272700949693359,0.6533233572607636,0.5037090683439959,334
4,6,0.7217537942664418,0.5277627675592959,0.6369272800635466,0.5242206062664991,593
