{
  "best_round": 5,
  "best_rouge1": 42.37588665294159,
  "best_rouge2": 20.079709693962407,
  "best_rougeL": 29.660327804166833,
  "best_bleu1": 32.881584391602374,
  "best_bleu4": 13.018930268858954,
  "best_train_loss": 1.476419018043147,
  "best_val_loss": 1.6411333302192646,
  "best_gini_coefficient": 0.0,
  "best_mean_contribution": 0.00041100040952080807,
  "best_min_contribution": 0.00034376074252320387,
  "best_max_contribution": 0.00047824007651841227,
  "best_cv_contribution": 0.0,
  "best_num_samples": 5000.0
}