{
  "round_times_sec": [
    1150.9613227844238,
    1149.6014080047607,
    1147.451210975647,
    1148.6939930915833,
    1145.1784255504608
  ],
  "total_time_sec": 5741.886365413666,
  "num_rounds": 5,
  "num_clients": 2
}