{
  "train_loss": [
    2.16018616580505,
    1.4975992940348373,
    1.4695926159023762,
    1.4757161059791895,
    1.476419018043147
  ],
  "val_loss": [
    1.6411370671694936,
    1.641140003855742,
    1.641141654097157,
    1.6411362754379621,
    1.6411333302192646
  ],
  "test_loss": [
    null,
    null,
    null,
    null,
    1.6575388679397123
  ],
  "rouge1": [
    42.37801862504867,
    42.37520462488002,
    42.37467221329594,
    42.37580099477715,
    42.37588665294159
  ],
  "rouge2": [
    20.084670429451045,
    20.084355154145204,
    20.07436443445829,
    20.083721858367664,
    20.079709693962407
  ],
  "rougeL": [
    29.642716958132453,
    29.649622448624093,
    29.640494091043255,
    29.65926465589311,
    29.660327804166833
  ],
  "bleu1": [
    32.89039779818885,
    32.89172228571468,
    32.88703854969047,
    32.88708138647088,
    32.881584391602374
  ],
  "bleu2": [
    22.21574581597994,
    22.21769076808478,
    22.214132022077294,
    22.215750702152672,
    22.214461275941247
  ],
  "bleu3": [
    16.816031186191843,
    16.817668136239455,
    16.815605699913945,
    16.816592997501516,
    16.81655066384231
  ],
  "bleu4": [
    13.017658772861225,
    13.019210934828532,
    13.018223598164836,
    13.018897525838312,
    13.018930268858954
  ],
  "gini_coefficient": [
    0.0,
    0.0,
    0.0,
    0.0,
    0.0
  ],
  "mean_contribution": [
    0.00041100040952080807,
    0.00041100040952080807,
    0.00041100040952080807,
    0.00041100040952080807,
    0.00041100040952080807
  ],
  "min_contribution": [
    0.00034376074252320387,
    0.00034376074252320387,
    0.00034376074252320387,
    0.00034376074252320387,
    0.00034376074252320387
  ],
  "max_contribution": [
    0.00047824007651841227,
    0.00047824007651841227,
    0.00047824007651841227,
    0.00047824007651841227,
    0.00047824007651841227
  ],
  "cv_contribution": [
    0.0,
    0.0,
    0.0,
    0.0,
    0.0
  ],
  "num_samples": [
    5000,
    5000,
    5000,
    5000,
    5000
  ]
}