{
  "best_round": 3,
  "best_rouge1": 43.282111272462195,
  "best_rouge2": 20.896081900898544,
  "best_rougeL": 30.386083092968754,
  "best_bleu1": 33.45690210189495,
  "best_bleu4": 13.455668143306138,
  "best_train_loss": 1.4973038556248064,
  "best_val_loss": 1.5702434953878446,
  "best_gini_coefficient": 0.0,
  "best_mean_contribution": 0.0016870269014746212,
  "best_min_contribution": 0.0006253908692933083,
  "best_max_contribution": 0.004366812227074236,
  "best_cv_contribution": 0.0,
  "best_num_samples": 5000.0
}