{
  "round_times_sec": [
    832.4899616241455,
    835.5181527137756,
    1092.7700164318085,
    931.9682986736298,
    953.756050825119
  ],
  "total_time_sec": 4646.502484560013,
  "num_rounds": 5,
  "num_clients": 5
}