{
  "train_loss": [
    2.23147741254223,
    1.5896860190520161,
    1.4973038556248064,
    1.457098576869115,
    1.5719954595476593
  ],
  "val_loss": [
    1.6398515195394743,
    1.6369166486767976,
    1.5702434953878446,
    1.569982890595168,
    1.569985788018546
  ],
  "test_loss": [
    null,
    null,
    null,
    null,
    1.6198104023049076
  ],
  "rouge1": [
    42.89914933399949,
    42.769141263223844,
    43.282111272462195,
    43.24821520764713,
    43.254728075531226
  ],
  "rouge2": [
    20.419699470712814,
    20.321182202939788,
    20.896081900898544,
    20.843090257115193,
    20.858906696921075
  ],
  "rougeL": [
    30.00205932694892,
    29.91886896712478,
    30.386083092968754,
    30.351969798351593,
    30.359851248531406
  ],
  "bleu1": [
    33.07109275931272,
    32.99480028691497,
    33.45690210189495,
    33.45836017921205,
    33.463375129115875
  ],
  "bleu2": [
    22.311405780359514,
    22.25786679734431,
    22.816527744318304,
    22.804909072099115,
    22.806963840078076
  ],
  "bleu3": [
    16.82800074909486,
    16.78515540783109,
    17.34749439248635,
    17.328561941454733,
    17.33032700664666
  ],
  "bleu4": [
    12.973247902418901,
    12.942187811006676,
    13.455668143306138,
    13.43339609183523,
    13.434749747988755
  ],
  "gini_coefficient": [
    0.0,
    0.0,
    0.0,
    0.0,
    0.0
  ],
  "mean_contribution": [
    0.0016870269014746212,
    0.0016870269014746212,
    0.0016870269014746212,
    0.0016870269014746212,
    0.0016870269014746212
  ],
  "min_contribution": [
    0.0006253908692933083,
    0.0006253908692933083,
    0.0006253908692933083,
    0.0006253908692933083,
    0.0006253908692933083
  ],
  "max_contribution": [
    0.004366812227074236,
    0.004366812227074236,
    0.004366812227074236,
    0.004366812227074236,
    0.004366812227074236
  ],
  "cv_contribution": [
    0.0,
    0.0,
    0.0,
    0.0,
    0.0
  ],
  "num_samples": [
    5000,
    5000,
    5000,
    5000,
    5000
  ]
}