round,client_id,epoch,num_samples,class_0,class_1,class_2,class_3,class_4,class_5,class_6,class_7,class_8,class_9,class_10,class_11,class_12,class_13,class_14,class_15,class_16,class_17,class_18,class_19,prop_0,prop_1,prop_2,prop_3,prop_4,prop_5,prop_6,prop_7,prop_8,prop_9,prop_10,prop_11,prop_12,prop_13,prop_14,prop_15,prop_16,prop_17,prop_18,prop_19
10,6,1,2753,0,0,550,0,0,82,0,0,0,54,510,0,782,0,269,0,482,1,23,0,0.0,0.0,0.19978205593897566,0.0,0.0,0.029785688339992736,0.0,0.0,0.0,0.01961496549219034,0.18525245187068654,0.0,0.2840537595350527,0.0,0.09771158735924446,0.0,0.17508172902288413,0.0003632401017072285,0.008354522339266255,0.0
