round,client_id,epoch,num_samples,class_0,class_1,class_2,class_3,class_4,class_5,class_6,class_7,class_8,class_9,class_10,class_11,class_12,class_13,class_14,class_15,class_16,class_17,class_18,class_19,prop_0,prop_1,prop_2,prop_3,prop_4,prop_5,prop_6,prop_7,prop_8,prop_9,prop_10,prop_11,prop_12,prop_13,prop_14,prop_15,prop_16,prop_17,prop_18,prop_19
9,1,1,2222,0,553,58,0,2,0,0,0,0,0,18,0,1,20,308,266,0,0,504,492,0.0,0.24887488748874886,0.026102610261026102,0.0,0.0009000900090009,0.0,0.0,0.0,0.0,0.0,0.008100810081008101,0.0,0.00045004500450045,0.009000900090009001,0.13861386138613863,0.11971197119711971,0.0,0.0,0.22682268226822683,0.22142214221422143
