round,client_id,epoch,num_samples,class_0,class_1,class_2,class_3,class_4,class_5,class_6,class_7,class_8,class_9,class_10,class_11,class_12,class_13,class_14,class_15,class_16,class_17,class_18,class_19,prop_0,prop_1,prop_2,prop_3,prop_4,prop_5,prop_6,prop_7,prop_8,prop_9,prop_10,prop_11,prop_12,prop_13,prop_14,prop_15,prop_16,prop_17,prop_18,prop_19
7,2,1,2401,639,0,141,0,0,537,0,0,796,0,50,0,0,0,0,1,237,0,0,0,0.26613910870470636,0.0,0.05872553102873802,0.0,0.0,0.22365680966264057,0.0,0.0,0.3315285297792586,0.0,0.02082465639316951,0.0,0.0,0.0,0.0,0.00041649312786339027,0.09870887130362349,0.0,0.0,0.0
