round,client_id,epoch,num_samples,class_0,class_1,class_2,class_3,class_4,class_5,class_6,class_7,class_8,class_9,class_10,class_11,class_12,class_13,class_14,class_15,class_16,class_17,class_18,class_19,prop_0,prop_1,prop_2,prop_3,prop_4,prop_5,prop_6,prop_7,prop_8,prop_9,prop_10,prop_11,prop_12,prop_13,prop_14,prop_15,prop_16,prop_17,prop_18,prop_19
1,5,1,1167,0,0,0,678,0,0,0,0,0,0,144,317,0,10,0,1,9,0,6,2,0.0,0.0,0.0,0.5809768637532133,0.0,0.0,0.0,0.0,0.0,0.0,0.12339331619537275,0.27163667523564694,0.0,0.00856898029134533,0.0,0.000856898029134533,0.007712082262210797,0.0,0.005141388174807198,0.001713796058269066
