round,client_id,epoch,num_samples,class_0,class_1,class_2,class_3,class_4,class_5,class_6,class_7,class_8,class_9,class_10,class_11,class_12,class_13,class_14,class_15,class_16,class_17,class_18,class_19,prop_0,prop_1,prop_2,prop_3,prop_4,prop_5,prop_6,prop_7,prop_8,prop_9,prop_10,prop_11,prop_12,prop_13,prop_14,prop_15,prop_16,prop_17,prop_18,prop_19
15,4,1,3090,0,0,0,0,760,154,0,788,0,645,0,0,4,0,0,0,0,728,3,8,0.0,0.0,0.0,0.0,0.2459546925566343,0.04983818770226537,0.0,0.2550161812297735,0.0,0.2087378640776699,0.0,0.0,0.0012944983818770227,0.0,0.0,0.0,0.0,0.23559870550161813,0.000970873786407767,0.0025889967637540453
