round,client_id,epoch,num_samples,class_0,class_1,class_2,class_3,class_4,class_5,class_6,class_7,class_8,class_9,class_10,class_11,class_12,class_13,class_14,class_15,class_16,class_17,class_18,class_19,prop_0,prop_1,prop_2,prop_3,prop_4,prop_5,prop_6,prop_7,prop_8,prop_9,prop_10,prop_11,prop_12,prop_13,prop_14,prop_15,prop_16,prop_17,prop_18,prop_19
9,0,1,1081,0,16,8,0,8,0,750,0,0,96,77,0,0,13,5,24,0,0,84,0,0.0,0.014801110083256245,0.0074005550416281225,0.0,0.0074005550416281225,0.0,0.6938020351526365,0.0,0.0,0.08880666049953746,0.07123034227567067,0.0,0.0,0.012025901942645698,0.004625346901017576,0.022201665124884366,0.0,0.0,0.07770582793709528,0.0
