round,client_id,epoch,num_samples,class_0,class_1,class_2,class_3,class_4,class_5,class_6,class_7,class_8,class_9,class_10,class_11,class_12,class_13,class_14,class_15,class_16,class_17,class_18,class_19,prop_0,prop_1,prop_2,prop_3,prop_4,prop_5,prop_6,prop_7,prop_8,prop_9,prop_10,prop_11,prop_12,prop_13,prop_14,prop_15,prop_16,prop_17,prop_18,prop_19
17,3,1,2362,0,209,31,108,0,17,30,4,1,0,0,476,0,749,208,506,0,23,0,0,0.0,0.08848433530906012,0.013124470787468248,0.04572396274343776,0.0,0.0071972904318374255,0.012701100762066046,0.001693480101608806,0.0004233700254022015,0.0,0.0,0.20152413209144793,0.0,0.31710414902624895,0.08806096528365792,0.21422523285351397,0.0,0.009737510584250635,0.0,0.0
