round,client_id,accuracy,macro_precision,macro_recall,macro_f1,num_samples
4,0,0.6656891495601173,0.35611690796525686,0.37223660945458714,0.31626323147952107,682
4,1,0.7414141414141414,0.3694219303443736,0.3802153428451284,0.35770934359611184,495
4,2,0.5769805680119582,0.49438934957638014,0.4508621258409,0.4091988559488295,669
4,3,0.7431693989071039,0.3248496977160771,0.31263597623577016,0.2908445058730853,549
4,4,0.546875,0.44242424242424244,0.348785541555301,0.3219929462326297,192
4,5,0.6836902800658978,0.3169330526265596,0.23616846153504167,0.24591870393809528,607
4,6,0.3385416666666667,0.19334370785351176,0.18857731609900236,0.14871526643682328,576
