round,client_id,accuracy,macro_precision,macro_recall,macro_f1,num_samples
21,0,0.6964809384164223,0.36588322918722205,0.3997123499645035,0.33826490103728946,682
21,1,0.8,0.32849778791554113,0.33927587135265247,0.3229379516663412,495
21,2,0.7130044843049327,0.510725008369852,0.47508220638521814,0.4561434187795853,669
21,3,0.7941712204007286,0.2929451573591394,0.26745632907570127,0.2662049805362572,549
21,4,0.7291666666666666,0.4716698232323232,0.4150420007636502,0.4306156851903486,192
21,5,0.7314662273476112,0.2919841245033922,0.25411995414242194,0.2631984449574612,607
21,6,0.5815972222222222,0.24476949647618979,0.2500660752224402,0.22339139423818805,576
