round,client_id,accuracy,macro_precision,macro_recall,macro_f1,num_samples
20,0,0.7287390029325513,0.3615027976994133,0.4011096492654884,0.34263988649194027,682
20,1,0.7838383838383839,0.3623077487466148,0.3538433650864821,0.3474199502801898,495
20,2,0.6965620328849028,0.4751913031637721,0.4232367337622066,0.44214498388936596,669
20,3,0.8087431693989071,0.3098487649825009,0.2903180986709004,0.2918103405819615,549
20,4,0.6927083333333334,0.46556040051679587,0.40796630393279876,0.419984159867708,192
20,5,0.7232289950576606,0.29552734357968724,0.2517840113358695,0.261524386808328,607
20,6,0.5729166666666666,0.2596288494212604,0.2593716293802378,0.23499432720697225,576
