round,client_id,accuracy,macro_precision,macro_recall,macro_f1,num_samples
18,0,0.7404692082111437,0.360249653688628,0.4322335236841822,0.35499727650057966,682
18,1,0.7555555555555555,0.34371746942936154,0.3323619519387331,0.3284830781506431,495
18,2,0.71898355754858,0.4667243163826715,0.43135231186383294,0.44462286531990386,669
18,3,0.8051001821493625,0.2884051419605312,0.28324044297490714,0.27266721024578167,549
18,4,0.7708333333333334,0.4721915849673203,0.4214194348988164,0.43669871496270346,192
18,5,0.7018121911037891,0.2949100075701976,0.25032967241917936,0.26327024859239895,607
18,6,0.5555555555555556,0.23363421642257703,0.24951855081369811,0.21322645088501463,576
