round,client_id,accuracy,macro_precision,macro_recall,macro_f1,num_samples
15,0,0.7228739002932552,0.3740385340059641,0.4166291347549079,0.35452668264463777,682
15,1,0.7454545454545455,0.37368164115992275,0.34968264962522105,0.34752298689018823,495
15,2,0.7130044843049327,0.4689254781705102,0.4279224517692162,0.4431887586595253,669
15,3,0.7814207650273224,0.3124114623025694,0.28113864242089054,0.2854881013690385,549
15,4,0.7135416666666666,0.4591076203208556,0.4107402634593357,0.42057965898910177,192
15,5,0.7446457990115322,0.3032917251330357,0.26064724617675794,0.27444850380013674,607
15,6,0.5260416666666666,0.23736896868452023,0.23941537333128107,0.21007545250190357,576
