round,client_id,accuracy,macro_precision,macro_recall,macro_f1,num_samples
10,0,0.6818181818181818,0.3534878323901483,0.3933374080438048,0.328628354243242,682
10,1,0.7858585858585858,0.36666333056239786,0.3505657236458787,0.35088360621651943,495
10,2,0.6547085201793722,0.4525791022369424,0.3965434079084853,0.40777269208004985,669
10,3,0.7941712204007286,0.28415270391472164,0.2703761285744482,0.2652513468729797,549
10,4,0.6197916666666666,0.4541508838383838,0.3848529973272241,0.38152179800035974,192
10,5,0.6820428336079077,0.30421938337819165,0.24563704480353038,0.2568519301900734,607
10,6,0.4947916666666667,0.2440679480833746,0.23678980786660533,0.20838883899989644,576
