round,client_id,accuracy,macro_precision,macro_recall,macro_f1,num_samples
9,0,0.6964809384164223,0.3481554868162366,0.3897801519048281,0.32843013894902284,682
9,1,0.7818181818181819,0.3491665550690331,0.3331670887146657,0.3347364505050368,495
9,2,0.6621823617339312,0.5159650611207265,0.5185797249122487,0.469297786612777,669
9,3,0.7978142076502732,0.2818893522288929,0.2755846317601232,0.2669029587083155,549
9,4,0.6458333333333334,0.4576388888888889,0.3965234822451317,0.39722427405006994,192
9,5,0.6803953871499177,0.2961059738729714,0.23345237050483592,0.24916023449506136,607
9,6,0.5017361111111112,0.24666317643641295,0.2406689957494819,0.21371885973569107,576
