{
  "best_round": 2,
  "best_rouge1": 42.38432235639287,
  "best_rouge2": 20.07449469768592,
  "best_rougeL": 29.651485779500113,
  "best_bleu1": 32.89267472592356,
  "best_bleu4": 13.020446213315063,
  "best_train_loss": 1.4802334773435508,
  "best_val_loss": 1.6411471227133156,
  "best_gini_coefficient": 0.0,
  "best_mean_contribution": 0.00041100040952080807,
  "best_min_contribution": 0.00034376074252320387,
  "best_max_contribution": 0.00047824007651841227,
  "best_cv_contribution": 0.0,
  "best_num_samples": 5000.0
}