{
  "round_times_sec": [
    1146.6070432662964,
    1143.7396116256714
  ],
  "total_time_sec": 2290.3466579914093,
  "num_rounds": 2,
  "num_clients": 2
}