round,train_loss,val_loss,test_loss,rouge1,rouge2,rougeL,bleu1,bleu2,bleu3,bleu4,gini_coefficient,mean_contribution,min_contribution,max_contribution,cv_contribution,num_samples
1,2.1601842464305,1.641136041213108,,42.36650555550876,20.091925451293104,29.642920560453405,32.89267134255107,22.22087236703934,16.821166068040043,13.022292537690895,0.0,0.00041100040952080807,0.00034376074252320387,0.00047824007651841227,0.0,5000
2,1.4802334773435508,1.6411471227133156,1.7077259063720702,42.38432235639287,20.07449469768592,29.651485779500113,32.89267472592356,22.218627127479323,16.819068549411632,13.020446213315063,0.0,0.00041100040952080807,0.00034376074252320387,0.00047824007651841227,0.0,5000
