{
  "train_loss": [
    2.1601842464305,
    1.4802334773435508
  ],
  "val_loss": [
    1.641136041213108,
    1.6411471227133156
  ],
  "test_loss": [
    null,
    1.7077259063720702
  ],
  "rouge1": [
    42.36650555550876,
    42.38432235639287
  ],
  "rouge2": [
    20.091925451293104,
    20.07449469768592
  ],
  "rougeL": [
    29.642920560453405,
    29.651485779500113
  ],
  "bleu1": [
    32.89267134255107,
    32.89267472592356
  ],
  "bleu2": [
    22.22087236703934,
    22.218627127479323
  ],
  "bleu3": [
    16.821166068040043,
    16.819068549411632
  ],
  "bleu4": [
    13.022292537690895,
    13.020446213315063
  ],
  "gini_coefficient": [
    0.0,
    0.0
  ],
  "mean_contribution": [
    0.00041100040952080807,
    0.00041100040952080807
  ],
  "min_contribution": [
    0.00034376074252320387,
    0.00034376074252320387
  ],
  "max_contribution": [
    0.00047824007651841227,
    0.00047824007651841227
  ],
  "cv_contribution": [
    0.0,
    0.0
  ],
  "num_samples": [
    5000,
    5000
  ]
}