client_id,train_size,train_prop,test_size,test_prop
0,6327,0.4196736534889891,941,0.2496021220159151
1,3898,0.25855664632528524,1732,0.45941644562334216
2,4851,0.32176970018572565,1097,0.2909814323607427
