round,client_id,epoch,num_samples,class_0,class_1,class_2,class_3,class_4,class_5,class_6,class_7,class_8,class_9,class_10,class_11,class_12,class_13,class_14,class_15,class_16,class_17,class_18,class_19,prop_0,prop_1,prop_2,prop_3,prop_4,prop_5,prop_6,prop_7,prop_8,prop_9,prop_10,prop_11,prop_12,prop_13,prop_14,prop_15,prop_16,prop_17,prop_18,prop_19
4,1,1,2790,44,427,183,29,94,3,40,8,12,32,148,24,307,538,1,49,484,29,40,298,0.015770609318996417,0.15304659498207884,0.06559139784946237,0.01039426523297491,0.03369175627240143,0.001075268817204301,0.014336917562724014,0.002867383512544803,0.004301075268817204,0.011469534050179211,0.05304659498207885,0.008602150537634409,0.11003584229390681,0.192831541218638,0.00035842293906810036,0.01756272401433692,0.17347670250896058,0.01039426523297491,0.014336917562724014,0.10681003584229391
