round,client_id,epoch,num_samples,class_0,class_1,class_2,class_3,class_4,class_5,class_6,class_7,class_8,class_9,class_10,class_11,class_12,class_13,class_14,class_15,class_16,class_17,class_18,class_19,prop_0,prop_1,prop_2,prop_3,prop_4,prop_5,prop_6,prop_7,prop_8,prop_9,prop_10,prop_11,prop_12,prop_13,prop_14,prop_15,prop_16,prop_17,prop_18,prop_19
5,3,1,2246,1,229,410,234,0,154,2,156,53,21,2,391,163,69,97,154,0,21,77,12,0.0004452359750667854,0.10195903829029386,0.182546749777382,0.10418521816562779,0.0,0.06856634016028496,0.0008904719501335708,0.06945681211041853,0.023597506678539625,0.009349955476402494,0.0008904719501335708,0.1740872662511131,0.07257346393588603,0.030721282279608193,0.043187889581478185,0.06856634016028496,0.0,0.009349955476402494,0.03428317008014248,0.005342831700801425
