round,client_id,epoch,num_samples,class_0,class_1,class_2,class_3,class_4,class_5,class_6,class_7,class_8,class_9,class_10,class_11,class_12,class_13,class_14,class_15,class_16,class_17,class_18,class_19,prop_0,prop_1,prop_2,prop_3,prop_4,prop_5,prop_6,prop_7,prop_8,prop_9,prop_10,prop_11,prop_12,prop_13,prop_14,prop_15,prop_16,prop_17,prop_18,prop_19
7,4,1,2913,3,34,16,2,483,4,594,49,51,512,16,31,10,11,311,350,89,159,95,93,0.0010298661174047373,0.01167181599725369,0.0054926192928252664,0.0006865774116031583,0.16580844490216273,0.0013731548232063166,0.203913491246138,0.01682114658427738,0.017507723995880537,0.17576381737040853,0.0054926192928252664,0.010641949879848954,0.0034328870580157913,0.0037761757638173706,0.1067627875042911,0.1201510470305527,0.030552694816340542,0.05458290422245108,0.032612427051150014,0.03192584963954686
