round,client_id,epoch,num_samples,class_0,class_1,class_2,class_3,class_4,class_5,class_6,class_7,class_8,class_9,class_10,class_11,class_12,class_13,class_14,class_15,class_16,class_17,class_18,class_19,prop_0,prop_1,prop_2,prop_3,prop_4,prop_5,prop_6,prop_7,prop_8,prop_9,prop_10,prop_11,prop_12,prop_13,prop_14,prop_15,prop_16,prop_17,prop_18,prop_19
22,2,1,2393,569,1,16,2,14,3,76,1,664,41,186,18,87,24,188,128,51,285,35,4,0.23777684914333472,0.0004178854993731718,0.006686167989970748,0.0008357709987463436,0.0058503969912244045,0.0012536564981195152,0.03175929795236105,0.0004178854993731718,0.27747597158378606,0.01713330547430004,0.07772670288340995,0.007521938988717091,0.03635603844546594,0.010029251984956121,0.07856247388215629,0.05348934391976599,0.02131216046803176,0.11909736732135395,0.014625992478061012,0.001671541997492687
