round,client_id,epoch,num_samples,class_0,class_1,class_2,class_3,class_4,class_5,class_6,class_7,class_8,class_9,class_10,class_11,class_12,class_13,class_14,class_15,class_16,class_17,class_18,class_19,prop_0,prop_1,prop_2,prop_3,prop_4,prop_5,prop_6,prop_7,prop_8,prop_9,prop_10,prop_11,prop_12,prop_13,prop_14,prop_15,prop_16,prop_17,prop_18,prop_19
21,5,1,2297,8,5,35,518,56,272,27,16,11,7,242,300,154,13,55,52,68,248,139,71,0.0034828036569438396,0.0021767522855899,0.015237265999129298,0.22551153678711364,0.024379625598606878,0.11841532433609055,0.011754462342185459,0.006965607313887679,0.00478885502829778,0.0030474531998258597,0.10535481062255116,0.13060513713539398,0.06704397039616891,0.0056595559425337396,0.023944275141488898,0.022638223770134958,0.029603831084022637,0.10796691336525903,0.060513713539399216,0.03090988245537658
