round,client_id,epoch,num_samples,class_0,class_1,class_2,class_3,class_4,class_5,class_6,class_7,class_8,class_9,class_10,class_11,class_12,class_13,class_14,class_15,class_16,class_17,class_18,class_19,prop_0,prop_1,prop_2,prop_3,prop_4,prop_5,prop_6,prop_7,prop_8,prop_9,prop_10,prop_11,prop_12,prop_13,prop_14,prop_15,prop_16,prop_17,prop_18,prop_19
19,0,1,2437,14,82,128,1,123,354,41,562,6,182,205,29,66,137,138,65,36,10,234,24,0.005744768157570784,0.03364792778005745,0.05252359458350431,0.0004103405826836274,0.05047189167008617,0.1452605662700041,0.016823963890028725,0.2306114074681986,0.0024620434961017644,0.07468198604842019,0.08411981945014362,0.011899876897825195,0.02708247845711941,0.05621665982765695,0.056627000410340585,0.026672137874435783,0.014772260976610586,0.004103405826836274,0.09601969634796881,0.009848173984407058
