round,client_id,accuracy,macro_precision,macro_recall,macro_f1,num_samples
15,0,0.7079207920792079,0.590322210625021,0.6837364867757939,0.5810622148385368,808
15,1,0.7891373801916933,0.6642746703585448,0.7126430548310368,0.668694056076687,939
15,2,0.7490272373540856,0.5043863270396114,0.6365377890889399,0.513661238472155,514
15,3,0.7878787878787878,0.6210610736516741,0.6403429934263267,0.5963414088962743,396
15,4,0.7653061224489796,0.6589064656886345,0.7256798630089288,0.6569312078245695,588
15,5,0.7161904761904762,0.4425669457450603,0.5651975103393014,0.4679679073079555,525
