round,client_id,accuracy,macro_precision,macro_recall,macro_f1,num_samples
2,0,0.6014851485148515,0.44006523558153193,0.6144234863974549,0.4338037339684161,808
2,1,0.7305644302449414,0.5361086199966458,0.6133454816846998,0.5510310555511115,939
2,2,0.7003891050583657,0.41042127335695755,0.5847956105820555,0.43796819063228165,514
2,3,0.7424242424242424,0.49384493203336677,0.5459380866047533,0.5007524063642366,396
2,4,0.70578231292517,0.5666657657127622,0.6410314868717383,0.5461961236516379,588
2,5,0.5161904761904762,0.3623851337342678,0.5731215903438126,0.4038900485677504,525
