round,client_id,accuracy,macro_precision,macro_recall,macro_f1,num_samples
10,0,0.6844059405940595,0.5966742335685344,0.6924047361156733,0.5779874947819976,808
10,1,0.7838125665601704,0.6575275181088369,0.7018412327793113,0.6568144419314595,939
10,2,0.7354085603112841,0.48388255241262845,0.6097983020681231,0.47772299422760184,514
10,3,0.7828282828282829,0.6054002990203105,0.6221571638238304,0.5727537774235701,396
10,4,0.7568027210884354,0.6559322137843518,0.7158552926460426,0.6519709762688081,588
10,5,0.7066666666666667,0.4420343516170943,0.5866200692618604,0.4715919992368477,525
