round,client_id,accuracy,macro_precision,macro_recall,macro_f1,num_samples
21,0,0.7103960396039604,0.5972346382564947,0.7111914012129282,0.5917626011787381,808
21,1,0.7891373801916933,0.661218868641801,0.7140972600759946,0.6714306394457424,939
21,2,0.7607003891050583,0.5093390412937326,0.6304362383237063,0.5170390548671495,514
21,3,0.7904040404040404,0.626913356915639,0.6509167838334504,0.6084001683611086,396
21,4,0.7568027210884354,0.652168444091053,0.7192872148143732,0.6511195256534749,588
21,5,0.7504761904761905,0.45023235333269945,0.5975642321332619,0.48435046049378744,525
