round,client_id,accuracy,macro_precision,macro_recall,macro_f1,num_samples
7,0,0.6547029702970297,0.5600098906420811,0.6171337467952321,0.5196613876724807,808
7,1,0.7689030883919062,0.6360487596801262,0.6853070969767342,0.6337489735213393,939
7,2,0.7334630350194552,0.4821296758922916,0.6182137297354688,0.476541470006313,514
7,3,0.7752525252525253,0.6047783557438728,0.6087506382506381,0.5600893825379339,396
7,4,0.7482993197278912,0.6443417942519781,0.6802617926610953,0.621363088617882,588
7,5,0.6876190476190476,0.4369363618662778,0.5845249847036965,0.4581377128393076,525
