round,client_id,accuracy,macro_precision,macro_recall,macro_f1,num_samples
12,0,0.693069306930693,0.5694516585098692,0.6631442563402068,0.5572915963908169,808
12,1,0.777422790202343,0.6627262856347327,0.7011046970374922,0.6603970755211133,939
12,2,0.7509727626459144,0.494414305188218,0.622487163155961,0.5062996173247747,514
12,3,0.7803030303030303,0.6429473451094915,0.6484142184975519,0.5951427014763239,396
12,4,0.7431972789115646,0.6431098069020804,0.681050070175816,0.6322477846759307,588
12,5,0.7104761904761905,0.4662417297750022,0.6035377140824901,0.49800419550743136,525
