round,client_id,accuracy,macro_precision,macro_recall,macro_f1,num_samples
11,0,0.6992574257425742,0.5682123151691528,0.6672041816933427,0.5571584460750207,808
11,1,0.7933972310969116,0.6733014326698182,0.7089728266830817,0.6712720392031342,939
11,2,0.7334630350194552,0.4788199735938627,0.6045280482556697,0.48696844359045316,514
11,3,0.7752525252525253,0.6024844012415851,0.6305793249959917,0.5807115328422712,396
11,4,0.7431972789115646,0.6425761188413818,0.685034327437547,0.6299885264250474,588
11,5,0.7047619047619048,0.44823513499063317,0.6009484884932645,0.48222293366275915,525
