round,client_id,accuracy,macro_precision,macro_recall,macro_f1,num_samples
13,0,0.7178217821782178,0.5988745665856693,0.7192261105347885,0.5994260698989048,808
13,1,0.7944621938232161,0.665691348637899,0.7134033726480873,0.6711528033465437,939
13,2,0.7626459143968871,0.5072892780538665,0.6313205129893109,0.5188700206846989,514
13,3,0.7929292929292929,0.6731432023028041,0.6525094565927899,0.610680980231333,396
13,4,0.7534013605442177,0.6473328118920822,0.7140267431864449,0.6443891359965767,588
13,5,0.7333333333333333,0.46601449317571425,0.5893765502049084,0.4882606638471139,525
