{
  "global_metrics": {
    "1": {
      "phase": "evaluation",
      "gini_coefficient": 0.002104285429856343,
      "mean_contribution": 86.41002655029297,
      "min_contribution": 85.97703552246094,
      "max_contribution": 86.8559341430664,
      "cv_contribution": 0.00376583149904231,
      "bleu1": 0.3675517388872438,
      "bleu2": 0.24297054492793516,
      "bleu3": 0.18174807522980282,
      "bleu4": 0.13931131400613417,
      "meteor": 0.0,
      "rouge1_f1": 0.4130244818887305,
      "rouge2_f1": 0.18962919358744593,
      "rougeL_f1": 0.286697827473601,
      "loss": 1.8408210416634878
    },
    "2": {
      "phase": "evaluation",
      "gini_coefficient": 0.009524923493732403,
      "mean_contribution": 74.54629135131836,
      "min_contribution": 73.06810760498047,
      "max_contribution": 76.01380920410156,
      "cv_contribution": 0.018396827713402498,
      "bleu1": 0.36621355461560817,
      "bleu2": 0.2427711251794564,
      "bleu3": 0.18192177379339036,
      "bleu4": 0.13970562470967407,
      "meteor": 0.0,
      "rouge1_f1": 0.41510577370777224,
      "rouge2_f1": 0.19140376786715851,
      "rougeL_f1": 0.288325688693413,
      "loss": 1.8126389556460911
    },
    "3": {
      "phase": "evaluation",
      "gini_coefficient": 0.011780456984825766,
      "mean_contribution": 68.54470634460449,
      "min_contribution": 66.34960174560547,
      "max_contribution": 70.5201187133789,
      "cv_contribution": 0.021673664406012847,
      "bleu1": 0.3893440687570835,
      "bleu2": 0.25944854624809766,
      "bleu3": 0.1946447338983576,
      "bleu4": 0.14967214640643653,
      "meteor": 0.0,
      "rouge1_f1": 0.4211347093656294,
      "rouge2_f1": 0.19620044064226072,
      "rougeL_f1": 0.2957714464077567,
      "loss": 1.7875203609466552
    },
    "4": {
      "phase": "evaluation",
      "gini_coefficient": 0.016160848902089082,
      "mean_contribution": 66.18081283569336,
      "min_contribution": 64.05654907226562,
      "max_contribution": 68.81077575683594,
      "cv_contribution": 0.02985741793857413,
      "bleu1": 0.399502500126269,
      "bleu2": 0.2670225007706316,
      "bleu3": 0.20109660500337306,
      "bleu4": 0.15552670062203683,
      "meteor": 0.0,
      "rouge1_f1": 0.41941358418271724,
      "rouge2_f1": 0.1969450563928484,
      "rougeL_f1": 0.29795845556234474,
      "loss": 1.770758816268709
    },
    "5": {
      "phase": "evaluation",
      "gini_coefficient": 0.013244273572620138,
      "mean_contribution": 63.465736389160156,
      "min_contribution": 61.44467544555664,
      "max_contribution": 65.33573913574219,
      "cv_contribution": 0.02385647355678189,
      "bleu1": 0.39823706111193186,
      "bleu2": 0.26689245814772156,
      "bleu3": 0.20094802191530267,
      "bleu4": 0.15510763268179315,
      "meteor": 0.0,
      "rouge1_f1": 0.42149139963927384,
      "rouge2_f1": 0.19822484493646092,
      "rougeL_f1": 0.2969087566624839,
      "loss": 1.757761487033632
    }
  },
  "client_metrics": {
    "3": {
      "1": {
        "client_id": 3,
        "epoch": 1,
        "phase": "train",
        "loss": 2.2362071043775003
      },
      "3": {
        "client_id": 3,
        "epoch": 1,
        "phase": "train",
        "loss": 2.0259116401060244
      },
      "4": {
        "client_id": 3,
        "epoch": 1,
        "phase": "train",
        "loss": 1.9554554951969383
      }
    },
    "5": {
      "1": {
        "client_id": 5,
        "epoch": 1,
        "phase": "train",
        "loss": 2.2346046828389405
      },
      "2": {
        "client_id": 5,
        "epoch": 1,
        "phase": "train",
        "loss": 2.059345345760683
      },
      "3": {
        "client_id": 5,
        "epoch": 1,
        "phase": "train",
        "loss": 1.9746274606725116
      },
      "5": {
        "client_id": 5,
        "epoch": 1,
        "phase": "train",
        "loss": 1.9125196776731206
      }
    },
    "2": {
      "1": {
        "client_id": 2,
        "epoch": 1,
        "phase": "train",
        "loss": 2.2346511355800303
      },
      "2": {
        "client_id": 2,
        "epoch": 1,
        "phase": "train",
        "loss": 2.058325448810908
      }
    },
    "4": {
      "1": {
        "client_id": 4,
        "epoch": 1,
        "phase": "train",
        "loss": 2.2441822150940083
      },
      "4": {
        "client_id": 4,
        "epoch": 1,
        "phase": "train",
        "loss": 2.013878939888752
      }
    },
    "6": {
      "2": {
        "client_id": 6,
        "epoch": 1,
        "phase": "train",
        "loss": 2.109745832389677
      },
      "3": {
        "client_id": 6,
        "epoch": 1,
        "phase": "train",
        "loss": 2.016854999483575
      },
      "4": {
        "client_id": 6,
        "epoch": 1,
        "phase": "train",
        "loss": 1.9476302102065337
      },
      "5": {
        "client_id": 6,
        "epoch": 1,
        "phase": "train",
        "loss": 1.891333687669428
      }
    },
    "1": {
      "2": {
        "client_id": 1,
        "epoch": 1,
        "phase": "train",
        "loss": 2.110870786677072
      },
      "5": {
        "client_id": 1,
        "epoch": 1,
        "phase": "train",
        "loss": 1.991061517569013
      }
    },
    "7": {
      "3": {
        "client_id": 7,
        "epoch": 1,
        "phase": "train",
        "loss": 2.0623436546389446
      }
    },
    "0": {
      "4": {
        "client_id": 0,
        "epoch": 1,
        "phase": "train",
        "loss": 2.043906723626717
      },
      "5": {
        "client_id": 0,
        "epoch": 1,
        "phase": "train",
        "loss": 1.974934883922146
      }
    }
  },
  "system_metrics": {
    "1754915684.2328124": {
      "cpu_percent": 12.9,
      "memory_rss_mb": 653.23046875,
      "memory_percent": 0.5082997231855155,
      "elapsed_time_seconds": 0.0005249977111816406
    },
    "1754919132.151202": {
      "cpu_percent": 13.8,
      "memory_rss_mb": 5833.95703125,
      "memory_percent": 4.539590368059614,
      "elapsed_time_seconds": 3447.9189143180847
    },
    "1754922436.4912286": {
      "cpu_percent": 13.9,
      "memory_rss_mb": 5834.984375,
      "memory_percent": 4.540389777408571,
      "elapsed_time_seconds": 6752.258940696716
    },
    "1754925729.969128": {
      "cpu_percent": 14.1,
      "memory_rss_mb": 5835.19921875,
      "memory_percent": 4.540556954268618,
      "elapsed_time_seconds": 10045.73684000969
    },
    "1754929018.9095101": {
      "cpu_percent": 13.9,
      "memory_rss_mb": 5835.96484375,
      "memory_percent": 4.541152711806243,
      "elapsed_time_seconds": 13334.677221775055
    }
  },
  "timestamp": "2025-08-12T00:12:01.038244",
  "experiment_name": "fed_distilbart_cnndm",
  "num_clients": 8
}