{
  "experiment_name": "fed_distilbart_cnndm",
  "config": {
    "experiment_name": "fed_distilbart_cnndm",
    "num_rounds": 5,
    "seed": 42,
    "num_clients": 8,
    "clients_per_round": 4,
    "local_epochs": 1,
    "batch_size": 8,
    "learning_rate": 5e-05,
    "weight_decay": 0.01,
    "warmup_steps": 500,
    "max_grad_norm": 1.0,
    "model_name": "facebook/bart-large-cnn",
    "max_source_length": 1024,
    "max_target_length": 142,
    "data_dir": "./data/cnndm",
    "train_split": "train",
    "val_split": "validation",
    "test_split": "test",
    "max_train_samples": null,
    "max_val_samples": null,
    "max_test_samples": null,
    "output_dir": "./experiment_results/clients_8",
    "model_save_path": "./experiment_results/clients_8/saved_models",
    "logging_steps": 100,
    "eval_steps": 500,
    "save_steps": 1000,
    "use_wandb": true,
    "num_beams": 4,
    "length_penalty": 2.0,
    "no_repeat_ngram_size": 3,
    "num_workers": 2
  },
  "training_summary": {
    "num_rounds": 5,
    "num_clients": 8,
    "elapsed_time_seconds": 16638.032337903976,
    "metrics_file": "./experiment_results/clients_8/fed_distilbart_cnndm_metrics_20250811_193444.json",
    "experiment_name": "fed_distilbart_cnndm"
  },
  "client_summary": {
    "total_contributions": {
      "0": 133.23990631103516,
      "1": 141.34954833984375,
      "2": 159.0451431274414,
      "3": 219.90155029296875,
      "4": 154.2088623046875,
      "5": 288.56006240844727,
      "6": 269.7651023864746,
      "7": 70.5201187133789
    },
    "avg_contributions": {
      "0": 66.61995315551758,
      "1": 70.67477416992188,
      "2": 79.5225715637207,
      "3": 73.30051676432292,
      "4": 77.10443115234375,
      "5": 72.14001560211182,
      "6": 67.44127559661865,
      "7": 70.5201187133789
    },
    "participation": {
      "3": 3,
      "5": 4,
      "2": 2,
      "4": 2,
      "6": 4,
      "1": 2,
      "7": 1,
      "0": 2
    },
    "inequality": {
      "gini": 0.21312599383346809,
      "cv": 0.3848290403344829,
      "mean_contribution": 179.57378673553467,
      "min_contribution": 70.5201187133789,
      "max_contribution": 288.56006240844727
    },
    "total_rounds": 5
  },
  "best_metrics": {
    "phase": [
      1,
      "evaluation"
    ],
    "gini_coefficient": [
      4,
      0.016160848902089082
    ],
    "mean_contribution": [
      1,
      86.41002655029297
    ],
    "min_contribution": [
      1,
      85.97703552246094
    ],
    "max_contribution": [
      1,
      86.8559341430664
    ],
    "cv_contribution": [
      4,
      0.02985741793857413
    ],
    "bleu1": [
      4,
      0.399502500126269
    ],
    "bleu2": [
      4,
      0.2670225007706316
    ],
    "bleu3": [
      4,
      0.20109660500337306
    ],
    "bleu4": [
      4,
      0.15552670062203683
    ],
    "meteor": [
      1,
      0.0
    ],
    "rouge1_f1": [
      5,
      0.42149139963927384
    ],
    "rouge2_f1": [
      5,
      0.19822484493646092
    ],
    "rougeL_f1": [
      4,
      0.29795845556234474
    ],
    "loss": [
      1,
      1.8408210416634878
    ]
  },
  "completion_time": "2025-08-12T00:12:02.264711"
}