{
  "experiment_name": "fed_distilbart_cnndm",
  "config": {
    "experiment_name": "fed_distilbart_cnndm",
    "num_rounds": 5,
    "seed": 42,
    "num_clients": 10,
    "clients_per_round": 5,
    "local_epochs": 1,
    "batch_size": 8,
    "learning_rate": 5e-05,
    "weight_decay": 0.01,
    "warmup_steps": 500,
    "max_grad_norm": 1.0,
    "model_name": "facebook/bart-large-cnn",
    "max_source_length": 1024,
    "max_target_length": 142,
    "data_dir": "./data/cnndm",
    "train_split": "train",
    "val_split": "validation",
    "test_split": "test",
    "max_train_samples": null,
    "max_val_samples": null,
    "max_test_samples": null,
    "output_dir": "./experiment_results/clients_10",
    "model_save_path": "./experiment_results/clients_10/saved_models",
    "logging_steps": 100,
    "eval_steps": 500,
    "save_steps": 1000,
    "use_wandb": true,
    "num_beams": 4,
    "length_penalty": 2.0,
    "no_repeat_ngram_size": 3,
    "num_workers": 2
  },
  "training_summary": {
    "num_rounds": 5,
    "num_clients": 10,
    "elapsed_time_seconds": 16391.78985595703,
    "metrics_file": "./experiment_results/clients_10/fed_distilbart_cnndm_metrics_20250812_042227.json",
    "experiment_name": "fed_distilbart_cnndm"
  },
  "client_summary": {
    "total_contributions": {
      "0": 271.68741607666016,
      "1": 127.40197372436523,
      "2": 148.55728912353516,
      "3": 265.51713943481445,
      "4": 142.99049758911133,
      "5": 254.78873825073242,
      "6": 71.77901458740234,
      "7": 132.77993392944336,
      "8": 64.03057861328125,
      "9": 205.7180061340332
    },
    "avg_contributions": {
      "0": 67.92185401916504,
      "1": 63.70098686218262,
      "2": 74.27864456176758,
      "3": 66.37928485870361,
      "4": 71.49524879455566,
      "5": 63.697184562683105,
      "6": 71.77901458740234,
      "7": 66.38996696472168,
      "8": 64.03057861328125,
      "9": 68.5726687113444
    },
    "participation": {
      "3": 4,
      "9": 3,
      "2": 2,
      "4": 2,
      "0": 4,
      "5": 4,
      "7": 2,
      "6": 1,
      "1": 2,
      "8": 1
    },
    "inequality": {
      "gini": 0.24247985862049865,
      "cv": 0.43269468695109864,
      "mean_contribution": 168.5250587463379,
      "min_contribution": 64.03057861328125,
      "max_contribution": 271.68741607666016
    },
    "total_rounds": 5
  },
  "best_metrics": {
    "phase": [
      1,
      "evaluation"
    ],
    "gini_coefficient": [
      4,
      0.013274576439721703
    ],
    "mean_contribution": [
      1,
      79.85731658935546
    ],
    "min_contribution": [
      1,
      79.54277801513672
    ],
    "max_contribution": [
      1,
      80.56539154052734
    ],
    "cv_contribution": [
      4,
      0.024523409992857976
    ],
    "bleu1": [
      4,
      0.38710056390977443
    ],
    "bleu2": [
      4,
      0.25700195689629923
    ],
    "bleu3": [
      4,
      0.19257493979675133
    ],
    "bleu4": [
      5,
      0.1482492987703625
    ],
    "meteor": [
      1,
      0.0
    ],
    "rouge1_f1": [
      5,
      0.42156340040416684
    ],
    "rouge2_f1": [
      5,
      0.1973473694112298
    ],
    "rougeL_f1": [
      5,
      0.29482640827271817
    ],
    "loss": [
      1,
      1.8548467208941777
    ]
  },
  "completion_time": "2025-08-12T08:55:39.009751"
}