client_id,train_size,train_prop,test_size,test_prop
0,946,0.06274873971875829,740,0.1962864721485411
1,1548,0.10267975590342265,369,0.09787798408488063
2,2409,0.15979039533032635,464,0.12307692307692308
3,3945,0.26167418413372245,44,0.011671087533156498
4,394,0.02613425311753781,479,0.12705570291777188
5,1205,0.07992836296099762,521,0.13819628647214854
6,2354,0.15614221278853807,383,0.10159151193633953
7,543,0.036017511276200585,474,0.12572944297082228
8,1732,0.11488458477049615,296,0.07851458885941645
