{
  "total_contributions": {
    "0": 311.50269317626953,
    "1": 252.6131134033203
  },
  "avg_contributions": {
    "0": 103.83423105875652,
    "1": 126.30655670166016
  },
  "participation": {
    "1": 2,
    "0": 3
  },
  "inequality": {
    "gini": 0.05219635674633469,
    "cv": 0.10439271349266938,
    "mean_contribution": 282.0579032897949,
    "min_contribution": 252.6131134033203,
    "max_contribution": 311.50269317626953
  },
  "total_rounds": 5
}