client_id,train_size,train_prop,test_size,test_prop
0,1081,0.07170336959405678,682,0.18090185676392573
1,2222,0.14738657468824623,495,0.1312997347480106
2,2401,0.15925975059697534,669,0.17745358090185676
3,2362,0.1566728575218891,549,0.1456233421750663
4,3090,0.20496152825683206,192,0.05092838196286472
5,1167,0.07740780047758027,607,0.1610079575596817
6,2753,0.18260811886442027,576,0.15278514588859415
