client_id,train_size,train_prop,test_size,test_prop
0,9171,0.6083178561952772,1732,0.45941644562334216
1,5905,0.3916821438047227,2038,0.5405835543766578
