client_id,num_samples,kl_to_global,class_0,class_1,class_2,class_3,class_4,class_5,class_6,class_7,class_8,class_9,class_10,class_11,class_12,class_13,class_14,class_15,class_16,class_17,class_18,class_19,prop_0,prop_1,prop_2,prop_3,prop_4,prop_5,prop_6,prop_7,prop_8,prop_9,prop_10,prop_11,prop_12,prop_13,prop_14,prop_15,prop_16,prop_17,prop_18,prop_19,dirichlet_alpha
0,3417,1.007352743093421,0,642,0,0,419,2,275,0,1,604,14,0,68,0,0,105,704,14,132,437,0.0,0.18788410886742757,0.0,0.0,0.12262218320163887,0.000585308750365818,0.08047995317529998,0.0,0.000292654375182909,0.17676324261047702,0.004097161252560726,0.0,0.01990049751243781,0.0,0.0,0.030728709394205442,0.20602868012876793,0.004097161252560726,0.038630377524143986,0.12788996195493121,0.1
1,2590,1.1824424844368147,0,2,733,144,296,492,0,0,0,0,684,1,87,104,0,8,0,0,34,5,0.0,0.0007722007722007722,0.283011583011583,0.055598455598455596,0.11428571428571428,0.18996138996138995,0.0,0.0,0.0,0.0,0.2640926640926641,0.0003861003861003861,0.03359073359073359,0.040154440154440155,0.0,0.003088803088803089,0.0,0.0,0.013127413127413128,0.0019305019305019305,0.1
2,4615,0.7518016703389239,639,115,55,538,3,296,121,0,796,0,94,790,75,673,0,17,24,0,362,17,0.13846153846153847,0.024918743228602384,0.011917659804983749,0.11657638136511377,0.0006500541711809318,0.06413867822318527,0.026218851570964246,0.0,0.1724810400866739,0.0,0.020368364030335862,0.17118093174431204,0.016251354279523293,0.14582881906825568,0.0,0.003683640303358613,0.005200433369447454,0.0,0.07843986998916576,0.003683640303358613,0.1
3,3225,1.1045595611915335,0,19,0,104,41,0,384,727,0,189,0,0,187,0,790,0,0,738,3,43,0.0,0.005891472868217054,0.0,0.03224806201550388,0.012713178294573644,0.0,0.11906976744186047,0.22542635658914728,0.0,0.0586046511627907,0.0,0.0,0.05798449612403101,0.0,0.24496124031007752,0.0,0.0,0.2288372093023256,0.0009302325581395349,0.013333333333333334,0.1
4,1229,1.7773416564263955,0,0,0,0,11,0,0,65,0,2,7,2,370,15,0,668,0,0,89,0,0.0,0.0,0.0,0.0,0.008950366151342554,0.0,0.0,0.05288852725793328,0.0,0.0016273393002441008,0.005695687550854353,0.0016273393002441008,0.30105777054515864,0.012205044751830757,0.0,0.5435313262815297,0.0,0.0,0.07241659886086249,0.0,0.1
