round,client_id,epoch,num_samples,class_0,class_1,class_2,class_3,class_4,class_5,class_6,class_7,class_8,class_9,class_10,class_11,class_12,class_13,class_14,class_15,class_16,class_17,class_18,class_19,prop_0,prop_1,prop_2,prop_3,prop_4,prop_5,prop_6,prop_7,prop_8,prop_9,prop_10,prop_11,prop_12,prop_13,prop_14,prop_15,prop_16,prop_17,prop_18,prop_19
9,3,1,3225,0,19,0,104,41,0,384,727,0,189,0,0,187,0,790,0,0,738,3,43,0.0,0.005891472868217054,0.0,0.03224806201550388,0.012713178294573644,0.0,0.11906976744186047,0.22542635658914728,0.0,0.0586046511627907,0.0,0.0,0.05798449612403101,0.0,0.24496124031007752,0.0,0.0,0.2288372093023256,0.0009302325581395349,0.013333333333333334
