round,client_id,epoch,num_samples,class_0,class_1,class_2,class_3,class_4,class_5,class_6,class_7,class_8,class_9,class_10,class_11,class_12,class_13,class_14,class_15,class_16,class_17,class_18,class_19,prop_0,prop_1,prop_2,prop_3,prop_4,prop_5,prop_6,prop_7,prop_8,prop_9,prop_10,prop_11,prop_12,prop_13,prop_14,prop_15,prop_16,prop_17,prop_18,prop_19
14,0,1,3417,0,642,0,0,419,2,275,0,1,604,14,0,68,0,0,105,704,14,132,437,0.0,0.18788410886742757,0.0,0.0,0.12262218320163887,0.000585308750365818,0.08047995317529998,0.0,0.000292654375182909,0.17676324261047702,0.004097161252560726,0.0,0.01990049751243781,0.0,0.0,0.030728709394205442,0.20602868012876793,0.004097161252560726,0.038630377524143986,0.12788996195493121
