round,client_id,epoch,num_samples,class_0,class_1,class_2,class_3,class_4,class_5,class_6,class_7,class_8,class_9,class_10,class_11,class_12,class_13,class_14,class_15,class_16,class_17,class_18,class_19,prop_0,prop_1,prop_2,prop_3,prop_4,prop_5,prop_6,prop_7,prop_8,prop_9,prop_10,prop_11,prop_12,prop_13,prop_14,prop_15,prop_16,prop_17,prop_18,prop_19
10,4,1,1229,0,0,0,0,11,0,0,65,0,2,7,2,370,15,0,668,0,0,89,0,0.0,0.0,0.0,0.0,0.008950366151342554,0.0,0.0,0.05288852725793328,0.0,0.0016273393002441008,0.005695687550854353,0.0016273393002441008,0.30105777054515864,0.012205044751830757,0.0,0.5435313262815297,0.0,0.0,0.07241659886086249,0.0
