round,client_id,epoch,num_samples,class_0,class_1,class_2,class_3,class_4,class_5,class_6,class_7,class_8,class_9,class_10,class_11,class_12,class_13,class_14,class_15,class_16,class_17,class_18,class_19,prop_0,prop_1,prop_2,prop_3,prop_4,prop_5,prop_6,prop_7,prop_8,prop_9,prop_10,prop_11,prop_12,prop_13,prop_14,prop_15,prop_16,prop_17,prop_18,prop_19
16,2,1,4615,639,115,55,538,3,296,121,0,796,0,94,790,75,673,0,17,24,0,362,17,0.13846153846153847,0.024918743228602384,0.011917659804983749,0.11657638136511377,0.0006500541711809318,0.06413867822318527,0.026218851570964246,0.0,0.1724810400866739,0.0,0.020368364030335862,0.17118093174431204,0.016251354279523293,0.14582881906825568,0.0,0.003683640303358613,0.005200433369447454,0.0,0.07843986998916576,0.003683640303358613
