round,client_id,epoch,num_samples,class_0,class_1,class_2,class_3,class_4,class_5,class_6,class_7,class_8,class_9,class_10,class_11,class_12,class_13,class_14,class_15,class_16,class_17,class_18,class_19,prop_0,prop_1,prop_2,prop_3,prop_4,prop_5,prop_6,prop_7,prop_8,prop_9,prop_10,prop_11,prop_12,prop_13,prop_14,prop_15,prop_16,prop_17,prop_18,prop_19
2,1,1,2590,0,2,733,144,296,492,0,0,0,0,684,1,87,104,0,8,0,0,34,5,0.0,0.0007722007722007722,0.283011583011583,0.055598455598455596,0.11428571428571428,0.18996138996138995,0.0,0.0,0.0,0.0,0.2640926640926641,0.0003861003861003861,0.03359073359073359,0.040154440154440155,0.0,0.003088803088803089,0.0,0.0,0.013127413127413128,0.0019305019305019305
