round,client_id,accuracy,macro_precision,macro_recall,macro_f1,num_samples
19,0,0.6777493606138107,0.32825301412257935,0.34900931471707725,0.31804145204442824,391
19,1,0.7347368421052631,0.4201424632387207,0.3894135292443563,0.38323619644137624,475
19,2,0.7352657004830918,0.5201310756130616,0.5300745125605836,0.4830733540097983,1035
19,3,0.7266187050359713,0.45007294481123705,0.45768196759249824,0.42273387586852895,973
19,4,0.7723214285714286,0.40762016632519077,0.39646376996375104,0.3938156862914031,896
