round,client_id,accuracy,macro_precision,macro_recall,macro_f1,num_samples
2,0,0.42455242966751916,0.34668992597038817,0.32002555948617595,0.25221937174597453,391
2,1,0.4842105263157895,0.3890777558402816,0.27596570052522434,0.29206308789872104,475
2,2,0.6782608695652174,0.4700760372928805,0.4431498740405419,0.38514874002965904,1035
2,3,0.6372045220966084,0.41149153491961116,0.4065054658343899,0.366916554361728,973
2,4,0.6227678571428571,0.4006826971256908,0.3270139304941778,0.34579772521959157,896
