round,client_id,accuracy,macro_precision,macro_recall,macro_f1,num_samples
1,0,0.4194373401534527,0.27333473649384843,0.35229118728629494,0.257110487550543,391
1,1,0.28210526315789475,0.3528754926288133,0.19798701531894808,0.19536903529105776,475
1,2,0.5217391304347826,0.43706590564500825,0.3715679082372872,0.28612383186212087,1035
1,3,0.4799588900308325,0.45512963884176005,0.39932306606978457,0.35304790171235456,973
1,4,0.44308035714285715,0.3928637936262034,0.25319318855020045,0.25513856414612823,896
