round,client_id,accuracy,macro_precision,macro_recall,macro_f1,num_samples
14,0,0.6624040920716112,0.32296885007033765,0.3495836655311541,0.3115060762346695,391
14,1,0.7031578947368421,0.4003281440781441,0.34690464852607705,0.3582755493671568,475
14,2,0.7352657004830918,0.5357530343826108,0.5263878033549602,0.4857150972399905,1035
14,3,0.7194244604316546,0.4261059547592764,0.43460699135668757,0.4025300492821269,973
14,4,0.7767857142857143,0.43239135929400757,0.41736460571536177,0.40933063438455664,896
