round,client_id,accuracy,macro_precision,macro_recall,macro_f1,num_samples
12,0,0.6521739130434783,0.33107585139318885,0.36692483628825284,0.3190063761929421,391
12,1,0.7115789473684211,0.38548964750143827,0.3479068768533054,0.33820113516101236,475
12,2,0.7429951690821256,0.5254663196044085,0.522571598468196,0.47749758095251227,1035
12,3,0.710174717368962,0.4350827086691311,0.4537833402410262,0.4018325461889525,973
12,4,0.7589285714285714,0.41901258129136515,0.3908756817443779,0.3990295220149562,896
