round,client_id,accuracy,macro_precision,macro_recall,macro_f1,num_samples
8,0,0.5933503836317136,0.3256860020264123,0.3432811684241982,0.29708986422389594,391
8,1,0.6736842105263158,0.3816356381816694,0.31940381998953427,0.3231923881889842,475
8,2,0.7275362318840579,0.5201715243628886,0.5053364376986533,0.4623756526476218,1035
8,3,0.7204522096608428,0.41314713209582754,0.4390922383143758,0.38831976354429243,973
8,4,0.75,0.42460948068564663,0.3891657988786011,0.39973091108746384,896
