round,client_id,accuracy,macro_precision,macro_recall,macro_f1,num_samples
11,0,0.618925831202046,0.3311118892001245,0.35402400156026265,0.3137110390880756,391
11,1,0.6926315789473684,0.3891173205879088,0.3528725798011513,0.34161532676531875,475
11,2,0.7565217391304347,0.5322090205000194,0.5321075867413171,0.4905046682522367,1035
11,3,0.736896197327852,0.46360028901804434,0.4952745675292636,0.4427870173098832,973
11,4,0.7667410714285714,0.4336175773430975,0.39522124312440926,0.4077431354380308,896
