{
  "best_round": 2,
  "best_rouge1": 41.932768583062106,
  "best_rouge2": 19.136569886216193,
  "best_rougeL": 28.349013500065396,
  "best_bleu1": 28.45412001904197,
  "best_bleu4": 10.924365219500938,
  "best_train_loss": 1.5161985819749644,
  "best_val_loss": 1.5643056865131668,
  "best_gini_coefficient": 0.0,
  "best_mean_contribution": 0.25534860775770696,
  "best_min_contribution": 0.0002835270768358378,
  "best_max_contribution": 1.0,
  "best_cv_contribution": 0.0,
  "best_num_samples": 5000.0
}