{
  "round_times_sec": [
    1143.4753875732422,
    1141.7571113109589
  ],
  "total_time_sec": 2285.2325007915497,
  "num_rounds": 2,
  "num_clients": 4
}