round,train_loss,val_loss,test_loss,rouge1,rouge2,rougeL,bleu1,bleu2,bleu3,bleu4,gini_coefficient,mean_contribution,min_contribution,max_contribution,cv_contribution,num_samples
1,1.7574678350272765,1.5645232268349587,,41.87843871982851,19.112812161733633,28.2899112563541,28.437529819154996,18.902387155603613,14.149854139330007,10.916627016160948,0.0,0.25534860775770696,0.0002835270768358378,1.0,0.0,5000
2,1.5161985819749644,1.5643056865131668,1.6506953239440918,41.932768583062106,19.136569886216193,28.349013500065396,28.45412001904197,18.915823058031094,14.159314162512928,10.924365219500938,0.0,0.25534860775770696,0.0002835270768358378,1.0,0.0,5000
