{
  "train_loss": [
    1.7574678350272765,
    1.5161985819749644
  ],
  "val_loss": [
    1.5645232268349587,
    1.5643056865131668
  ],
  "test_loss": [
    null,
    1.6506953239440918
  ],
  "rouge1": [
    41.87843871982851,
    41.932768583062106
  ],
  "rouge2": [
    19.112812161733633,
    19.136569886216193
  ],
  "rougeL": [
    28.2899112563541,
    28.349013500065396
  ],
  "bleu1": [
    28.437529819154996,
    28.45412001904197
  ],
  "bleu2": [
    18.902387155603613,
    18.915823058031094
  ],
  "bleu3": [
    14.149854139330007,
    14.159314162512928
  ],
  "bleu4": [
    10.916627016160948,
    10.924365219500938
  ],
  "gini_coefficient": [
    0.0,
    0.0
  ],
  "mean_contribution": [
    0.25534860775770696,
    0.25534860775770696
  ],
  "min_contribution": [
    0.0002835270768358378,
    0.0002835270768358378
  ],
  "max_contribution": [
    1.0,
    1.0
  ],
  "cv_contribution": [
    0.0,
    0.0
  ],
  "num_samples": [
    5000,
    5000
  ]
}