{
  "total_contributions": {
    "0": 133.23990631103516,
    "1": 141.34954833984375,
    "2": 159.0451431274414,
    "3": 219.90155029296875,
    "4": 154.2088623046875,
    "5": 288.56006240844727,
    "6": 269.7651023864746,
    "7": 70.5201187133789
  },
  "avg_contributions": {
    "0": 66.61995315551758,
    "1": 70.67477416992188,
    "2": 79.5225715637207,
    "3": 73.30051676432292,
    "4": 77.10443115234375,
    "5": 72.14001560211182,
    "6": 67.44127559661865,
    "7": 70.5201187133789
  },
  "participation": {
    "3": 3,
    "5": 4,
    "2": 2,
    "4": 2,
    "6": 4,
    "1": 2,
    "7": 1,
    "0": 2
  },
  "inequality": {
    "gini": 0.21312599383346809,
    "cv": 0.3848290403344829,
    "mean_contribution": 179.57378673553467,
    "min_contribution": 70.5201187133789,
    "max_contribution": 288.56006240844727
  },
  "total_rounds": 5
}