client_id,train_size,train_prop,test_size,test_prop
0,2654,0.17604139028920138,673,0.17851458885941646
1,3860,0.2560360838418679,850,0.22546419098143236
2,4835,0.3207084107190236,1060,0.28116710875331563
3,3727,0.24721411514990713,1187,0.3148541114058355
