round,client_id,epoch,num_samples,class_0,class_1,class_2,class_3,class_4,class_5,class_6,class_7,class_8,class_9,class_10,class_11,class_12,class_13,class_14,class_15,class_16,class_17,class_18,class_19,prop_0,prop_1,prop_2,prop_3,prop_4,prop_5,prop_6,prop_7,prop_8,prop_9,prop_10,prop_11,prop_12,prop_13,prop_14,prop_15,prop_16,prop_17,prop_18,prop_19
4,6,1,2354,0,0,549,0,0,0,0,0,0,17,446,350,0,299,1,0,692,0,0,0,0.0,0.0,0.23322005097706033,0.0,0.0,0.0,0.0,0.0,0.0,0.007221750212404418,0.18946474086661003,0.14868309260832624,0.0,0.127017841971113,0.0004248088360237893,0.0,0.2939677145284622,0.0,0.0,0.0
