round,client_id,epoch,num_samples,class_0,class_1,class_2,class_3,class_4,class_5,class_6,class_7,class_8,class_9,class_10,class_11,class_12,class_13,class_14,class_15,class_16,class_17,class_18,class_19,prop_0,prop_1,prop_2,prop_3,prop_4,prop_5,prop_6,prop_7,prop_8,prop_9,prop_10,prop_11,prop_12,prop_13,prop_14,prop_15,prop_16,prop_17,prop_18,prop_19
16,1,1,1548,0,545,58,0,91,21,4,169,249,0,0,0,0,219,4,139,0,33,16,0,0.0,0.3520671834625323,0.037467700258397935,0.0,0.05878552971576227,0.013565891472868217,0.002583979328165375,0.10917312661498708,0.16085271317829458,0.0,0.0,0.0,0.0,0.14147286821705427,0.002583979328165375,0.08979328165374677,0.0,0.02131782945736434,0.0103359173126615,0.0
