round,client_id,epoch,num_samples,class_0,class_1,class_2,class_3,class_4,class_5,class_6,class_7,class_8,class_9,class_10,class_11,class_12,class_13,class_14,class_15,class_16,class_17,class_18,class_19,prop_0,prop_1,prop_2,prop_3,prop_4,prop_5,prop_6,prop_7,prop_8,prop_9,prop_10,prop_11,prop_12,prop_13,prop_14,prop_15,prop_16,prop_17,prop_18,prop_19
19,5,1,1205,0,0,0,430,1,5,0,10,0,0,311,1,0,0,244,44,1,0,1,157,0.0,0.0,0.0,0.35684647302904565,0.0008298755186721991,0.004149377593360996,0.0,0.008298755186721992,0.0,0.0,0.25809128630705397,0.0008298755186721991,0.0,0.0,0.2024896265560166,0.036514522821576766,0.0008298755186721991,0.0,0.0008298755186721991,0.13029045643153528
