round,client_id,epoch,num_samples,class_0,class_1,class_2,class_3,class_4,class_5,class_6,class_7,class_8,class_9,class_10,class_11,class_12,class_13,class_14,class_15,class_16,class_17,class_18,class_19,prop_0,prop_1,prop_2,prop_3,prop_4,prop_5,prop_6,prop_7,prop_8,prop_9,prop_10,prop_11,prop_12,prop_13,prop_14,prop_15,prop_16,prop_17,prop_18,prop_19
14,2,1,2409,639,0,141,0,601,404,0,0,245,0,37,2,37,0,303,0,0,0,0,0,0.26525529265255293,0.0,0.058530510585305104,0.0,0.2494811124948111,0.16770444167704443,0.0,0.0,0.10170195101701951,0.0,0.015359070153590702,0.0008302200083022001,0.015359070153590702,0.0,0.12577833125778332,0.0,0.0,0.0,0.0,0.0
