round,client_id,epoch,num_samples,class_0,class_1,class_2,class_3,class_4,class_5,class_6,class_7,class_8,class_9,class_10,class_11,class_12,class_13,class_14,class_15,class_16,class_17,class_18,class_19,prop_0,prop_1,prop_2,prop_3,prop_4,prop_5,prop_6,prop_7,prop_8,prop_9,prop_10,prop_11,prop_12,prop_13,prop_14,prop_15,prop_16,prop_17,prop_18,prop_19
18,3,1,3945,0,206,31,69,1,0,551,525,0,19,0,439,9,24,121,517,27,713,602,91,0.0,0.05221799746514576,0.007858048162230671,0.01749049429657795,0.00025348542458808617,0.0,0.13967046894803548,0.13307984790874525,0.0,0.004816223067173638,0.0,0.11128010139416984,0.0022813688212927757,0.006083650190114068,0.030671736375158427,0.13105196451204057,0.006844106463878327,0.18073510773130544,0.15259822560202788,0.023067173637515842
