round,client_id,epoch,num_samples,class_0,class_1,class_2,class_3,class_4,class_5,class_6,class_7,class_8,class_9,class_10,class_11,class_12,class_13,class_14,class_15,class_16,class_17,class_18,class_19,prop_0,prop_1,prop_2,prop_3,prop_4,prop_5,prop_6,prop_7,prop_8,prop_9,prop_10,prop_11,prop_12,prop_13,prop_14,prop_15,prop_16,prop_17,prop_18,prop_19
19,7,1,543,0,10,0,15,16,0,6,88,0,258,0,0,0,138,8,4,0,0,0,0,0.0,0.01841620626151013,0.0,0.027624309392265192,0.029465930018416207,0.0,0.011049723756906077,0.16206261510128914,0.0,0.47513812154696133,0.0,0.0,0.0,0.2541436464088398,0.014732965009208104,0.007366482504604052,0.0,0.0,0.0,0.0
