round,client_id,epoch,num_samples,class_0,class_1,class_2,class_3,class_4,class_5,class_6,class_7,class_8,class_9,class_10,class_11,class_12,class_13,class_14,class_15,class_16,class_17,class_18,class_19,prop_0,prop_1,prop_2,prop_3,prop_4,prop_5,prop_6,prop_7,prop_8,prop_9,prop_10,prop_11,prop_12,prop_13,prop_14,prop_15,prop_16,prop_17,prop_18,prop_19
5,0,1,946,0,16,9,0,0,3,1,0,0,476,5,1,0,99,105,0,0,0,0,231,0.0,0.016913319238900635,0.009513742071881607,0.0,0.0,0.003171247357293869,0.0010570824524312897,0.0,0.0,0.5031712473572939,0.005285412262156448,0.0010570824524312897,0.0,0.10465116279069768,0.1109936575052854,0.0,0.0,0.0,0.0,0.2441860465116279
