round,client_id,epoch,num_samples,class_0,class_1,class_2,class_3,class_4,class_5,class_6,class_7,class_8,class_9,class_10,class_11,class_12,class_13,class_14,class_15,class_16,class_17,class_18,class_19,prop_0,prop_1,prop_2,prop_3,prop_4,prop_5,prop_6,prop_7,prop_8,prop_9,prop_10,prop_11,prop_12,prop_13,prop_14,prop_15,prop_16,prop_17,prop_18,prop_19
7,4,1,394,0,0,0,0,57,219,63,0,3,0,0,0,0,10,0,33,8,0,1,0,0.0,0.0,0.0,0.0,0.1446700507614213,0.5558375634517766,0.1598984771573604,0.0,0.007614213197969543,0.0,0.0,0.0,0.0,0.025380710659898477,0.0,0.08375634517766498,0.02030456852791878,0.0,0.0025380710659898475,0.0
