round,client_id,epoch,num_samples,class_0,class_1,class_2,class_3,class_4,class_5,class_6,class_7,class_8,class_9,class_10,class_11,class_12,class_13,class_14,class_15,class_16,class_17,class_18,class_19,prop_0,prop_1,prop_2,prop_3,prop_4,prop_5,prop_6,prop_7,prop_8,prop_9,prop_10,prop_11,prop_12,prop_13,prop_14,prop_15,prop_16,prop_17,prop_18,prop_19
11,8,1,1732,0,1,0,272,3,138,155,0,300,25,0,0,741,3,4,61,0,6,0,23,0.0,0.0005773672055427252,0.0,0.15704387990762125,0.0017321016166281756,0.07967667436489607,0.0894919168591224,0.0,0.17321016166281755,0.014434180138568129,0.0,0.0,0.42782909930715934,0.0017321016166281756,0.0023094688221709007,0.03521939953810624,0.0,0.003464203233256351,0.0,0.013279445727482679
