round,client_id,accuracy,macro_precision,macro_recall,macro_f1,num_samples
11,0,0.6527027027027027,0.28880244870549576,0.36358805797160104,0.28447875668578393,740
11,1,0.6775067750677507,0.4111997619295329,0.511348887952824,0.4266796920616955,369
11,2,0.6012931034482759,0.24274772928813734,0.35664424860853433,0.24749607048495628,464
11,3,0.6136363636363636,0.32727272727272727,0.21868686868686868,0.25322093111566796,44
11,4,0.7369519832985386,0.28055329558099645,0.2839099348686398,0.2754054333295713,479
11,5,0.8310940499040307,0.4513535335989521,0.5829294881206251,0.4379222165436689,521
11,6,0.783289817232376,0.3893922608453501,0.29392394771730684,0.32833716367261717,383
11,7,0.7257383966244726,0.3168945217000137,0.3289212400580465,0.3087808226404077,474
11,8,0.7195945945945946,0.2879714957418686,0.3434909277768934,0.2891492708512959,296
