round,client_id,accuracy,macro_precision,macro_recall,macro_f1,num_samples
9,0,0.6783783783783783,0.2925301143503641,0.39789232357338816,0.2963101019252507,740
9,1,0.6856368563685636,0.38813456868334917,0.4890164726988898,0.40786561161263934,369
9,2,0.5862068965517241,0.23796160495850893,0.3400181663574521,0.23916828330033074,464
9,3,0.6590909090909091,0.3333333333333333,0.23585858585858588,0.2685672514619883,44
9,4,0.7348643006263048,0.27717778427762774,0.2701308698415778,0.26785476901595123,479
9,5,0.8291746641074856,0.459095484645799,0.5648237931503943,0.43914264498219446,521
9,6,0.7859007832898173,0.3586324951154863,0.30237779800035364,0.32507190877565423,383
9,7,0.6983122362869199,0.35161050637921,0.3586659449055696,0.33293607394783076,474
9,8,0.6959459459459459,0.2724649965866476,0.31531631994771986,0.26168295372447625,296
