round,client_id,accuracy,macro_precision,macro_recall,macro_f1,num_samples
17,0,0.6702702702702703,0.3390559862673724,0.376126242707775,0.2912758272780706,740
17,1,0.6693766937669376,0.45725755854524486,0.4810683129657459,0.4151664282368109,369
17,2,0.6400862068965517,0.25957996757097607,0.3516981034838178,0.26343986854401413,464
17,3,0.6590909090909091,0.3333333333333333,0.23535353535353534,0.26666666666666666,44
17,4,0.7494780793319415,0.2753971733326714,0.2891198267255523,0.27366113192028807,479
17,5,0.836852207293666,0.4517034322272074,0.5043373476516397,0.43527321759156246,521
17,6,0.7780678851174935,0.3695739438265679,0.3041663739345292,0.3326742972301843,383
17,7,0.7341772151898734,0.34957520953499077,0.38048884796143967,0.34143611512444083,474
17,8,0.7364864864864865,0.262178865781179,0.3093741262983536,0.2600229482911047,296
