round,client_id,accuracy,macro_precision,macro_recall,macro_f1,num_samples
7,0,0.6594594594594595,0.28779051055222615,0.395770676184243,0.28941290039006307,740
7,1,0.6775067750677507,0.3619975256961451,0.481974971555276,0.38867578561401733,369
7,2,0.5905172413793104,0.2369633884798916,0.3252319109461967,0.23080600275300736,464
7,3,0.5681818181818182,0.29583333333333334,0.19356060606060607,0.22499999999999998,44
7,4,0.6993736951983298,0.24859118487031565,0.2474105433061397,0.23841984557950768,479
7,5,0.8330134357005758,0.4654629650156268,0.5735739611851893,0.4429840365006265,521
7,6,0.7728459530026109,0.3549458914588585,0.2889767740730139,0.3143328707722684,383
7,7,0.7109704641350211,0.32810279575649975,0.35634303332314754,0.3203060872674265,474
7,8,0.6891891891891891,0.26391941262475066,0.31410675536415966,0.25756795182837444,296
