round,client_id,accuracy,macro_precision,macro_recall,macro_f1,num_samples
14,0,0.6878378378378378,0.3380015741681236,0.3794631529381253,0.29076196749023164,740
14,1,0.6639566395663956,0.4773103582108021,0.5004524024269833,0.4274628841783995,369
14,2,0.6185344827586207,0.23792668727025304,0.34219233147804573,0.24772035907086018,464
14,3,0.6363636363636364,0.3333333333333333,0.2297979797979798,0.26245614035087717,44
14,4,0.755741127348643,0.2602189923478852,0.2911893758427695,0.26593592514972625,479
14,5,0.8291746641074856,0.40114754342650666,0.5395332629552861,0.40846325558015095,521
14,6,0.783289817232376,0.3568101300316662,0.3045165715624037,0.3251263422599702,383
14,7,0.7109704641350211,0.3474094732604458,0.35476169209192265,0.3355137652545295,474
14,8,0.7162162162162162,0.2886956421554636,0.36861807434838345,0.2965783588785841,296
