round,client_id,accuracy,macro_precision,macro_recall,macro_f1,num_samples
4,0,0.6337837837837837,0.28194808601442384,0.3598711908903387,0.2777811384909617,740
4,1,0.6802168021680217,0.41029941110590773,0.4956555142092816,0.4181911751839955,369
4,2,0.5775862068965517,0.2108226875737353,0.3211644506287364,0.20828051493848804,464
4,3,0.5681818181818182,0.2882352941176471,0.18172905525846703,0.21418653585836248,44
4,4,0.6805845511482255,0.2790744701008389,0.23389513845154275,0.23844593341331352,479
4,5,0.8080614203454894,0.42722459653839895,0.5128995785227493,0.39461457604099603,521
4,6,0.7493472584856397,0.3557263200289766,0.2913798973118491,0.3124314328170984,383
4,7,0.6033755274261603,0.3784333935084309,0.3378640849189263,0.32571524250990874,474
4,8,0.706081081081081,0.2590269207916267,0.3225271524362487,0.2656532267349145,296
