round,client_id,accuracy,macro_precision,macro_recall,macro_f1,num_samples
18,0,0.6810810810810811,0.34793821318181756,0.3968001823894384,0.30211651502444786,740
18,1,0.7018970189701897,0.43684528062237044,0.4943174237040662,0.416859238702669,369
18,2,0.6228448275862069,0.29039386384313287,0.3598149866007008,0.26396922425390523,464
18,3,0.7045454545454546,0.35714285714285715,0.26515151515151514,0.2980392156862745,44
18,4,0.7223382045929019,0.2701645835562865,0.274388938489507,0.26466779309133937,479
18,5,0.8253358925143954,0.4470540718983858,0.5733732075553877,0.4503243863443177,521
18,6,0.7911227154046997,0.35600464216577,0.29053637128794974,0.31861643376981524,383
18,7,0.7341772151898734,0.3201734445977685,0.3234435512305197,0.31035362617584394,474
18,8,0.722972972972973,0.25865092712574167,0.30786030380037827,0.26222925538805836,296
