round,client_id,accuracy,macro_precision,macro_recall,macro_f1,num_samples
3,0,0.5891891891891892,0.2959934338258423,0.36459769821677707,0.2791525880221555,740
3,1,0.6558265582655827,0.4249030075913461,0.5182061766795978,0.4329508330648735,369
3,2,0.5775862068965517,0.2299258276269076,0.3735986235986236,0.23027511946053944,464
3,3,0.5454545454545454,0.22941176470588234,0.15276292335115862,0.17700534759358288,44
3,4,0.6764091858037579,0.23570028334275608,0.22015594945239458,0.2159081247985426,479
3,5,0.7735124760076776,0.3967640749407075,0.4935033638171444,0.36417413737721804,521
3,6,0.7127937336814621,0.33190651564635304,0.26238163939043546,0.28798042941790947,383
3,7,0.5337552742616034,0.3282434963107232,0.2923546764450086,0.26749275642444964,474
3,8,0.668918918918919,0.2970219223631302,0.33159646061814557,0.2855091413498272,296
