client_id,train_size,train_prop,test_size,test_prop
0,2667,0.17690368798089678,767,0.20344827586206896
1,4089,0.27122578933404085,505,0.13395225464190982
2,4017,0.26644998673388165,1020,0.27055702917771884
3,1074,0.07123905545237463,164,0.04350132625994695
4,1601,0.10619527726187318,447,0.11856763925729442
5,1628,0.10798620323693288,867,0.229973474801061
