client_id,num_samples,kl_to_global,class_0,class_1,class_2,class_3,class_4,class_5,class_6,class_7,class_8,class_9,class_10,class_11,class_12,class_13,class_14,class_15,class_16,class_17,class_18,class_19,prop_0,prop_1,prop_2,prop_3,prop_4,prop_5,prop_6,prop_7,prop_8,prop_9,prop_10,prop_11,prop_12,prop_13,prop_14,prop_15,prop_16,prop_17,prop_18,prop_19,dirichlet_alpha
0,2667,1.1502315758304928,0,16,28,234,648,615,700,0,0,103,212,0,16,2,4,1,1,0,87,0,0.0,0.005999250093738283,0.010498687664041995,0.08773903262092239,0.24296962879640044,0.23059617547806524,0.26246719160104987,0.0,0.0,0.0386201724784402,0.07949006374203224,0.0,0.005999250093738283,0.0007499062617172854,0.0014998125234345708,0.0003749531308586427,0.0003749531308586427,0.0,0.03262092238470191,0.0,0.1
1,4089,0.9882436329505544,0,553,191,261,7,0,0,0,0,0,51,0,538,790,4,0,679,0,523,492,0.0,0.13524089019320126,0.046710687209586696,0.06382978723404255,0.0017119100024455857,0.0,0.0,0.0,0.0,0.0,0.012472487160674981,0.0,0.13157251161653216,0.19320127170457324,0.0009782342871117633,0.0,0.1660552702372218,0.0,0.12790413303986306,0.12032281731474688,0.1
2,4017,0.9315750042036773,639,0,468,291,90,0,0,784,796,0,139,0,40,0,136,22,5,607,0,0,0.1590739357729649,0.0,0.11650485436893204,0.07244212098581031,0.022404779686333084,0.0,0.0,0.19517052526761264,0.1981578292257904,0.0,0.034602937515558874,0.0,0.009957679860592481,0.0,0.03385611152601444,0.005476723923325865,0.0012447099825740602,0.15110779188449092,0.0,0.0,0.1
3,1074,1.422428858364228,0,209,101,0,25,10,0,8,1,0,0,476,193,0,0,51,0,0,0,0,0.0,0.1945996275605214,0.09404096834264432,0.0,0.023277467411545624,0.00931098696461825,0.0,0.0074487895716946,0.000931098696461825,0.0,0.0,0.44320297951582865,0.17970204841713222,0.0,0.0,0.04748603351955307,0.0,0.0,0.0,0.0,0.1
4,1601,1.8966000482121919,0,0,0,0,0,0,0,0,0,692,0,0,0,0,1,724,29,144,3,8,0.0,0.0,0.0,0.0,0.0,0.0,0.0,0.0,0.0,0.4322298563397876,0.0,0.0,0.0,0.0,0.0006246096189881324,0.4522173641474079,0.01811367895065584,0.08994378513429106,0.0018738288569643974,0.004996876951905059,0.1
5,1628,1.4615645912861022,0,0,0,0,0,165,80,0,0,0,397,317,0,0,645,0,14,1,7,2,0.0,0.0,0.0,0.0,0.0,0.10135135135135136,0.04914004914004914,0.0,0.0,0.0,0.24385749385749386,0.1947174447174447,0.0,0.0,0.3961916461916462,0.0,0.0085995085995086,0.0006142506142506142,0.0042997542997543,0.0012285012285012285,0.1
