round,client_id,epoch,num_samples,class_0,class_1,class_2,class_3,class_4,class_5,class_6,class_7,class_8,class_9,class_10,class_11,class_12,class_13,class_14,class_15,class_16,class_17,class_18,class_19,prop_0,prop_1,prop_2,prop_3,prop_4,prop_5,prop_6,prop_7,prop_8,prop_9,prop_10,prop_11,prop_12,prop_13,prop_14,prop_15,prop_16,prop_17,prop_18,prop_19
7,0,1,2667,0,16,28,234,648,615,700,0,0,103,212,0,16,2,4,1,1,0,87,0,0.0,0.005999250093738283,0.010498687664041995,0.08773903262092239,0.24296962879640044,0.23059617547806524,0.26246719160104987,0.0,0.0,0.0386201724784402,0.07949006374203224,0.0,0.005999250093738283,0.0007499062617172854,0.0014998125234345708,0.0003749531308586427,0.0003749531308586427,0.0,0.03262092238470191,0.0
