round,client_id,epoch,num_samples,class_0,class_1,class_2,class_3,class_4,class_5,class_6,class_7,class_8,class_9,class_10,class_11,class_12,class_13,class_14,class_15,class_16,class_17,class_18,class_19,prop_0,prop_1,prop_2,prop_3,prop_4,prop_5,prop_6,prop_7,prop_8,prop_9,prop_10,prop_11,prop_12,prop_13,prop_14,prop_15,prop_16,prop_17,prop_18,prop_19
12,3,1,1074,0,209,101,0,25,10,0,8,1,0,0,476,193,0,0,51,0,0,0,0,0.0,0.1945996275605214,0.09404096834264432,0.0,0.023277467411545624,0.00931098696461825,0.0,0.0074487895716946,0.000931098696461825,0.0,0.0,0.44320297951582865,0.17970204841713222,0.0,0.0,0.04748603351955307,0.0,0.0,0.0,0.0
