round,client_id,epoch,num_samples,class_0,class_1,class_2,class_3,class_4,class_5,class_6,class_7,class_8,class_9,class_10,class_11,class_12,class_13,class_14,class_15,class_16,class_17,class_18,class_19,prop_0,prop_1,prop_2,prop_3,prop_4,prop_5,prop_6,prop_7,prop_8,prop_9,prop_10,prop_11,prop_12,prop_13,prop_14,prop_15,prop_16,prop_17,prop_18,prop_19
2,4,1,1601,0,0,0,0,0,0,0,0,0,692,0,0,0,0,1,724,29,144,3,8,0.0,0.0,0.0,0.0,0.0,0.0,0.0,0.0,0.0,0.4322298563397876,0.0,0.0,0.0,0.0,0.0006246096189881324,0.4522173641474079,0.01811367895065584,0.08994378513429106,0.0018738288569643974,0.004996876951905059
