round,client_id,epoch,num_samples,class_0,class_1,class_2,class_3,class_4,class_5,class_6,class_7,class_8,class_9,class_10,class_11,class_12,class_13,class_14,class_15,class_16,class_17,class_18,class_19,prop_0,prop_1,prop_2,prop_3,prop_4,prop_5,prop_6,prop_7,prop_8,prop_9,prop_10,prop_11,prop_12,prop_13,prop_14,prop_15,prop_16,prop_17,prop_18,prop_19
12,2,1,4017,639,0,468,291,90,0,0,784,796,0,139,0,40,0,136,22,5,607,0,0,0.1590739357729649,0.0,0.11650485436893204,0.07244212098581031,0.022404779686333084,0.0,0.0,0.19517052526761264,0.1981578292257904,0.0,0.034602937515558874,0.0,0.009957679860592481,0.0,0.03385611152601444,0.005476723923325865,0.0012447099825740602,0.15110779188449092,0.0,0.0
