round,client_id,epoch,num_samples,class_0,class_1,class_2,class_3,class_4,class_5,class_6,class_7,class_8,class_9,class_10,class_11,class_12,class_13,class_14,class_15,class_16,class_17,class_18,class_19,prop_0,prop_1,prop_2,prop_3,prop_4,prop_5,prop_6,prop_7,prop_8,prop_9,prop_10,prop_11,prop_12,prop_13,prop_14,prop_15,prop_16,prop_17,prop_18,prop_19
17,5,1,1628,0,0,0,0,0,165,80,0,0,0,397,317,0,0,645,0,14,1,7,2,0.0,0.0,0.0,0.0,0.0,0.10135135135135136,0.04914004914004914,0.0,0.0,0.0,0.24385749385749386,0.1947174447174447,0.0,0.0,0.3961916461916462,0.0,0.0085995085995086,0.0006142506142506142,0.0042997542997543,0.0012285012285012285
