round,client_id,epoch,num_samples,class_0,class_1,class_2,class_3,class_4,class_5,class_6,class_7,class_8,class_9,class_10,class_11,class_12,class_13,class_14,class_15,class_16,class_17,class_18,class_19,prop_0,prop_1,prop_2,prop_3,prop_4,prop_5,prop_6,prop_7,prop_8,prop_9,prop_10,prop_11,prop_12,prop_13,prop_14,prop_15,prop_16,prop_17,prop_18,prop_19
10,1,1,4089,0,553,191,261,7,0,0,0,0,0,51,0,538,790,4,0,679,0,523,492,0.0,0.13524089019320126,0.046710687209586696,0.06382978723404255,0.0017119100024455857,0.0,0.0,0.0,0.0,0.0,0.012472487160674981,0.0,0.13157251161653216,0.19320127170457324,0.0009782342871117633,0.0,0.1660552702372218,0.0,0.12790413303986306,0.12032281731474688
