round,client_id,accuracy,macro_precision,macro_recall,macro_f1,num_samples
22,0,0.6166883963494133,0.30818459375788587,0.3008752497757491,0.2888024108123625,767
22,1,0.7564356435643564,0.36085448105346424,0.4491949364643837,0.3441371189322905,505
22,2,0.788235294117647,0.4557438696631329,0.48214294593420004,0.4547738358646732,1020
22,3,0.7012195121951219,0.3094168636721828,0.3595803968610986,0.30592111180346476,164
22,4,0.825503355704698,0.36208236100112196,0.35117098221913934,0.3449600557686438,447
22,5,0.7301038062283737,0.42522482394892425,0.4180221477205352,0.4053310513419741,867
