round,client_id,accuracy,macro_precision,macro_recall,macro_f1,num_samples
17,0,0.6466753585397653,0.32643832233743186,0.3078314250769113,0.3035648635279212,767
17,1,0.7504950495049505,0.37629887830148395,0.44505195778617984,0.3567038358852136,505
17,2,0.7568627450980392,0.44677441952966496,0.474034154990283,0.44315583504533584,1020
17,3,0.6951219512195121,0.3466564927857936,0.3724994046201477,0.3250830484394498,164
17,4,0.8299776286353467,0.38367408140450376,0.3763446122319126,0.36959626964709524,447
17,5,0.7439446366782007,0.41954528412160574,0.43446965178275826,0.40665999657585045,867
