round,client_id,accuracy,macro_precision,macro_recall,macro_f1,num_samples
16,0,0.6414602346805737,0.32150488596687027,0.30515602928097485,0.29785747627787795,767
16,1,0.7623762376237624,0.36962363010381016,0.45242317919360475,0.3518570606038249,505
16,2,0.7549019607843137,0.43916227866425317,0.46023820361434514,0.4356718982792561,1020
16,3,0.6707317073170732,0.2656878373713243,0.297436522217224,0.2573130784801265,164
16,4,0.8120805369127517,0.36651813542125117,0.346222468511535,0.3452065251749473,447
16,5,0.7301038062283737,0.4203055491531435,0.4289760144679183,0.40292492934351437,867
