round,client_id,accuracy,macro_precision,macro_recall,macro_f1,num_samples
13,0,0.6558018252933507,0.3327813342849256,0.30811693409608043,0.3087848821110867,767
13,1,0.7247524752475247,0.38743872565940485,0.48497857878422945,0.36025456226291763,505
13,2,0.7480392156862745,0.4418059803564914,0.45526781690519036,0.42825087356052405,1020
13,3,0.7378048780487805,0.28863241077773943,0.32501455372972404,0.2837014292896645,164
13,4,0.8076062639821029,0.372366930756689,0.3146273349910409,0.3178958563412074,447
13,5,0.7312572087658593,0.41919736269598973,0.428790429758485,0.399458285755659,867
