round,client_id,accuracy,macro_precision,macro_recall,macro_f1,num_samples
2,0,0.36114732724902215,0.31804494071443223,0.21205068617946096,0.22164146451737274,767
2,1,0.6158415841584158,0.42008616676338195,0.42884168089647545,0.3332028598914382,505
2,2,0.5970588235294118,0.4509883867154519,0.46300078299613756,0.40376260546107445,1020
2,3,0.676829268292683,0.24788618706487742,0.2597113069249292,0.22958034122740004,164
2,4,0.7785234899328859,0.3815610859728507,0.27478254066992336,0.28321863971065214,447
2,5,0.49596309111880044,0.3577930830057177,0.32848518416299594,0.29724311834998707,867
