client_id,train_size,train_prop,test_size,test_prop
0,1420,0.09418944016980632,941,0.2496021220159151
1,2107,0.13975855664632528,735,0.19496021220159152
2,2213,0.14678959936322633,369,0.09787798408488063
3,2734,0.1813478376227116,322,0.08541114058355438
4,2665,0.17677102679755904,476,0.12625994694960213
5,2130,0.14128416025470947,334,0.08859416445623342
6,1807,0.11985937914566198,593,0.1572944297082228
