round,client_id,epoch,num_samples,class_0,class_1,class_2,class_3,class_4,class_5,class_6,class_7,class_8,class_9,class_10,class_11,class_12,class_13,class_14,class_15,class_16,class_17,class_18,class_19,prop_0,prop_1,prop_2,prop_3,prop_4,prop_5,prop_6,prop_7,prop_8,prop_9,prop_10,prop_11,prop_12,prop_13,prop_14,prop_15,prop_16,prop_17,prop_18,prop_19
4,2,1,3219,576,217,235,229,81,295,306,145,198,313,38,3,9,20,65,354,111,0,22,2,0.17893755824790308,0.06741223982603294,0.0730040385212799,0.07114010562286424,0.02516309412861137,0.09164336750543647,0.09506057781919851,0.04504504504504504,0.06150978564771668,0.09723516620068344,0.011804908356632494,0.0009319664492078285,0.0027958993476234857,0.006213109661385523,0.02019260639950295,0.10997204100652376,0.034482758620689655,0.0,0.006834420627524076,0.0006213109661385523
