round,client_id,epoch,num_samples,class_0,class_1,class_2,class_3,class_4,class_5,class_6,class_7,class_8,class_9,class_10,class_11,class_12,class_13,class_14,class_15,class_16,class_17,class_18,class_19,prop_0,prop_1,prop_2,prop_3,prop_4,prop_5,prop_6,prop_7,prop_8,prop_9,prop_10,prop_11,prop_12,prop_13,prop_14,prop_15,prop_16,prop_17,prop_18,prop_19
7,3,1,2732,1,152,16,298,135,20,11,23,6,452,14,34,121,162,564,262,287,81,31,62,0.00036603221083455345,0.055636896046852125,0.005856515373352855,0.10907759882869693,0.049414348462664716,0.007320644216691069,0.004026354319180088,0.00841874084919473,0.0021961932650073207,0.16544655929721816,0.005124450951683748,0.012445095168374817,0.04428989751098097,0.05929721815519766,0.20644216691068815,0.095900439238653,0.10505124450951683,0.02964860907759883,0.011346998535871157,0.022693997071742314
