round,client_id,epoch,num_samples,class_0,class_1,class_2,class_3,class_4,class_5,class_6,class_7,class_8,class_9,class_10,class_11,class_12,class_13,class_14,class_15,class_16,class_17,class_18,class_19,prop_0,prop_1,prop_2,prop_3,prop_4,prop_5,prop_6,prop_7,prop_8,prop_9,prop_10,prop_11,prop_12,prop_13,prop_14,prop_15,prop_16,prop_17,prop_18,prop_19
1,4,1,2777,4,3,8,123,104,29,66,238,331,16,202,349,241,3,44,111,29,667,107,102,0.0014404033129276198,0.0010803024846957148,0.0028808066258552397,0.044292401872524305,0.037450486136118115,0.010442924018725243,0.023766654663305724,0.08570399711919337,0.11919337414476053,0.005761613251710479,0.07274036730284479,0.12567518905293482,0.08678429960388909,0.0010803024846957148,0.01584443644220382,0.03997119193374145,0.010442924018725243,0.2401872524306806,0.03853078862081383,0.036730284479654304
