round,client_id,epoch,num_samples,class_0,class_1,class_2,class_3,class_4,class_5,class_6,class_7,class_8,class_9,class_10,class_11,class_12,class_13,class_14,class_15,class_16,class_17,class_18,class_19,prop_0,prop_1,prop_2,prop_3,prop_4,prop_5,prop_6,prop_7,prop_8,prop_9,prop_10,prop_11,prop_12,prop_13,prop_14,prop_15,prop_16,prop_17,prop_18,prop_19
14,0,1,3635,14,307,5,0,236,89,249,40,188,12,456,400,375,419,38,59,271,1,168,308,0.0038514442916093533,0.08445667125171939,0.001375515818431912,0.0,0.06492434662998625,0.024484181568088032,0.06850068775790921,0.011004126547455296,0.05171939477303989,0.003301237964236589,0.12544704264099038,0.11004126547455295,0.1031636863823934,0.11526822558459422,0.01045392022008253,0.016231086657496563,0.07455295735900963,0.0002751031636863824,0.046217331499312245,0.08473177441540578
