round,client_id,epoch,num_samples,class_0,class_1,class_2,class_3,class_4,class_5,class_6,class_7,class_8,class_9,class_10,class_11,class_12,class_13,class_14,class_15,class_16,class_17,class_18,class_19,prop_0,prop_1,prop_2,prop_3,prop_4,prop_5,prop_6,prop_7,prop_8,prop_9,prop_10,prop_11,prop_12,prop_13,prop_14,prop_15,prop_16,prop_17,prop_18,prop_19
4,1,1,2713,44,99,524,136,214,357,148,346,74,2,89,7,41,188,79,12,30,3,292,28,0.016218208625138224,0.036490969406561005,0.19314412089937338,0.050129008477699966,0.07887946922226317,0.1315886472539624,0.05455215628455584,0.12753409509767785,0.02727607814227792,0.0007371913011426465,0.03280501290084777,0.002580169553999263,0.015112421673424253,0.06929598230740877,0.029119056395134537,0.0044231478068558795,0.011057869517139697,0.0011057869517139699,0.1076299299668264,0.010320678215997052
