round,client_id,accuracy,macro_precision,macro_recall,macro_f1,num_samples
14,0,0.7163561076604554,0.49799120522334805,0.6119498469145535,0.49826463572959473,483
14,1,0.7134146341463414,0.5469416963220484,0.6611737211111725,0.5356650173487671,656
14,2,0.7674199623352166,0.6457859243185279,0.750068794249696,0.6514072190187017,1062
14,3,0.7368421052631579,0.5287094970936799,0.5809536633680115,0.5286416386182559,703
14,4,0.8036951501154734,0.6025027828834405,0.6661792009798306,0.6050674677453938,866
