round,client_id,accuracy,macro_precision,macro_recall,macro_f1,num_samples
21,0,0.7142857142857143,0.5012637623232603,0.5650622435218935,0.48940341049109704,483
21,1,0.725609756097561,0.5476691062527878,0.6673880729801648,0.5445159440409922,656
21,2,0.7871939736346516,0.6515698745936497,0.7519271294331815,0.6635228918067175,1062
21,3,0.7496443812233285,0.5381691560623064,0.6077677643839093,0.5453232018247857,703
21,4,0.8117782909930716,0.6133935097320253,0.7221033253847966,0.6171642836287842,866
