round,client_id,accuracy,macro_precision,macro_recall,macro_f1,num_samples
20,0,0.7184265010351967,0.5034882040274153,0.58732191003988,0.4952475273212954,483
20,1,0.7301829268292683,0.5555156989121115,0.6867769600509062,0.5563702508370176,656
20,2,0.783427495291902,0.6581005777689657,0.7413435178727891,0.6638809948619473,1062
20,3,0.7368421052631579,0.5281565406166022,0.590965886603495,0.5269993987755572,703
20,4,0.8094688221709007,0.615823535047461,0.729722552918452,0.6137107063179699,866
