round,client_id,accuracy,macro_precision,macro_recall,macro_f1,num_samples
12,0,0.7163561076604554,0.5375467737916438,0.6127221141210312,0.5096997706646829,483
12,1,0.7210365853658537,0.5583522944806067,0.6801698505001993,0.5488055129907067,656
12,2,0.7787193973634652,0.6572521152451627,0.755576221485809,0.6619294739052489,1062
12,3,0.7297297297297297,0.5199745663685655,0.5703646854480857,0.5140905309153518,703
12,4,0.792147806004619,0.5870687105443165,0.6243345953292825,0.5757861983470511,866
