round,client_id,accuracy,macro_precision,macro_recall,macro_f1,num_samples
7,0,0.6997929606625258,0.48925864462804636,0.619848519716852,0.48496766326744706,483
7,1,0.7042682926829268,0.5305953765411002,0.6533995638416142,0.5160456066279373,656
7,2,0.756120527306968,0.6471217006726133,0.7528243682531757,0.6425537561779283,1062
7,3,0.6998577524893315,0.524233414088318,0.5538755657175365,0.502078991130153,703
7,4,0.7933025404157044,0.5967201765112364,0.6477789741453411,0.585942601456151,866
