round,client_id,epoch,num_samples,class_0,class_1,class_2,class_3,class_4,class_5,class_6,class_7,class_8,class_9,class_10,class_11,class_12,class_13,class_14,class_15,class_16,class_17,class_18,class_19,prop_0,prop_1,prop_2,prop_3,prop_4,prop_5,prop_6,prop_7,prop_8,prop_9,prop_10,prop_11,prop_12,prop_13,prop_14,prop_15,prop_16,prop_17,prop_18,prop_19
22,4,1,1734,3,31,15,1,43,156,117,16,242,0,156,96,320,151,89,135,13,56,35,59,0.0017301038062283738,0.01787773933102653,0.00865051903114187,0.0005767012687427913,0.024798154555940023,0.08996539792387544,0.06747404844290658,0.00922722029988466,0.1395617070357555,0.0,0.08996539792387544,0.05536332179930796,0.1845444059976932,0.08708189158016148,0.05132641291810842,0.07785467128027682,0.007497116493656286,0.03229527104959631,0.020184544405997693,0.034025374855824686
