round,client_id,epoch,num_samples,class_0,class_1,class_2,class_3,class_4,class_5,class_6,class_7,class_8,class_9,class_10,class_11,class_12,class_13,class_14,class_15,class_16,class_17,class_18,class_19,prop_0,prop_1,prop_2,prop_3,prop_4,prop_5,prop_6,prop_7,prop_8,prop_9,prop_10,prop_11,prop_12,prop_13,prop_14,prop_15,prop_16,prop_17,prop_18,prop_19
12,0,1,1171,13,74,115,1,30,193,41,13,20,12,389,62,51,7,19,65,25,39,0,2,0.011101622544833475,0.0631938514090521,0.0982066609735269,0.0008539709649871904,0.025619128949615714,0.16481639624252775,0.035012809564474806,0.011101622544833475,0.017079419299743808,0.010247651579846286,0.33219470538001705,0.05294619982920581,0.04355251921434671,0.005977796754910333,0.016225448334756618,0.05550811272416738,0.02134927412467976,0.033304867634500426,0.0,0.0017079419299743809
