round,client_id,epoch,num_samples,class_0,class_1,class_2,class_3,class_4,class_5,class_6,class_7,class_8,class_9,class_10,class_11,class_12,class_13,class_14,class_15,class_16,class_17,class_18,class_19,prop_0,prop_1,prop_2,prop_3,prop_4,prop_5,prop_6,prop_7,prop_8,prop_9,prop_10,prop_11,prop_12,prop_13,prop_14,prop_15,prop_16,prop_17,prop_18,prop_19
8,2,1,1785,516,1,14,2,138,221,8,3,6,103,17,112,96,10,21,118,9,367,5,18,0.28907563025210087,0.0005602240896358543,0.00784313725490196,0.0011204481792717086,0.0773109243697479,0.12380952380952381,0.004481792717086834,0.0016806722689075631,0.0033613445378151263,0.057703081232493,0.009523809523809525,0.06274509803921569,0.05378151260504202,0.0056022408963585435,0.011764705882352941,0.06610644257703081,0.005042016806722689,0.20560224089635853,0.0028011204481792717,0.010084033613445379
