round,client_id,epoch,num_samples,class_0,class_1,class_2,class_3,class_4,class_5,class_6,class_7,class_8,class_9,class_10,class_11,class_12,class_13,class_14,class_15,class_16,class_17,class_18,class_19,prop_0,prop_1,prop_2,prop_3,prop_4,prop_5,prop_6,prop_7,prop_8,prop_9,prop_10,prop_11,prop_12,prop_13,prop_14,prop_15,prop_16,prop_17,prop_18,prop_19
10,7,1,2525,19,65,39,120,9,126,165,135,24,22,48,401,5,253,38,195,337,165,335,24,0.0075247524752475245,0.02574257425742574,0.015445544554455445,0.047524752475247525,0.0035643564356435645,0.049900990099009904,0.06534653465346535,0.053465346534653464,0.009504950495049505,0.008712871287128714,0.01900990099009901,0.15881188118811881,0.0019801980198019802,0.1001980198019802,0.015049504950495049,0.07722772277227723,0.13346534653465347,0.06534653465346535,0.13267326732673268,0.009504950495049505
