round,client_id,epoch,num_samples,class_0,class_1,class_2,class_3,class_4,class_5,class_6,class_7,class_8,class_9,class_10,class_11,class_12,class_13,class_14,class_15,class_16,class_17,class_18,class_19,prop_0,prop_1,prop_2,prop_3,prop_4,prop_5,prop_6,prop_7,prop_8,prop_9,prop_10,prop_11,prop_12,prop_13,prop_14,prop_15,prop_16,prop_17,prop_18,prop_19
2,3,1,3921,1,208,368,189,397,14,327,373,243,357,44,54,123,208,561,72,180,5,0,197,0.0002550369803621525,0.053047691915327724,0.09385360877327212,0.04820198928844682,0.10124968120377455,0.003570517725070135,0.08339709257842387,0.09512879367508288,0.06197398622800306,0.09104820198928845,0.011221627135934711,0.013771996939556235,0.03136954858454476,0.053047691915327724,0.14307574598316755,0.018362662586074982,0.045906656465187455,0.0012751849018107625,0.0,0.050242285131344044
