round,client_id,epoch,num_samples,class_0,class_1,class_2,class_3,class_4,class_5,class_6,class_7,class_8,class_9,class_10,class_11,class_12,class_13,class_14,class_15,class_16,class_17,class_18,class_19,prop_0,prop_1,prop_2,prop_3,prop_4,prop_5,prop_6,prop_7,prop_8,prop_9,prop_10,prop_11,prop_12,prop_13,prop_14,prop_15,prop_16,prop_17,prop_18,prop_19
13,6,1,1013,40,8,41,33,36,14,62,2,92,219,77,59,0,7,24,1,68,37,6,187,0.039486673247778874,0.007897334649555774,0.040473840078973346,0.03257650542941757,0.035538005923000986,0.013820335636722606,0.06120434353405726,0.0019743336623889436,0.09081934846989141,0.21618953603158933,0.07601184600197433,0.05824284304047384,0.0,0.006910167818361303,0.023692003948667325,0.0009871668311944718,0.06712734452122408,0.03652517275419546,0.005923000987166831,0.18460019743336623
