round,client_id,epoch,num_samples,class_0,class_1,class_2,class_3,class_4,class_5,class_6,class_7,class_8,class_9,class_10,class_11,class_12,class_13,class_14,class_15,class_16,class_17,class_18,class_19,prop_0,prop_1,prop_2,prop_3,prop_4,prop_5,prop_6,prop_7,prop_8,prop_9,prop_10,prop_11,prop_12,prop_13,prop_14,prop_15,prop_16,prop_17,prop_18,prop_19
10,1,1,2117,39,387,165,23,1,65,55,184,138,51,63,8,191,156,2,209,95,82,203,0,0.018422295701464336,0.18280585734529994,0.07794048181388757,0.01086443079829948,0.0004723665564478035,0.030703826169107228,0.025980160604629193,0.08691544638639584,0.06518658478979689,0.024090694378837978,0.02975909305621162,0.003778932451582428,0.09022201228153047,0.07368918280585735,0.000944733112895607,0.09872461029759093,0.04487482286254133,0.038734057628719884,0.0958904109589041,0.0
