round,client_id,epoch,num_samples,class_0,class_1,class_2,class_3,class_4,class_5,class_6,class_7,class_8,class_9,class_10,class_11,class_12,class_13,class_14,class_15,class_16,class_17,class_18,class_19,prop_0,prop_1,prop_2,prop_3,prop_4,prop_5,prop_6,prop_7,prop_8,prop_9,prop_10,prop_11,prop_12,prop_13,prop_14,prop_15,prop_16,prop_17,prop_18,prop_19
10,5,1,810,8,4,31,417,116,1,5,66,32,31,5,1,1,0,36,3,1,1,36,15,0.009876543209876543,0.0049382716049382715,0.03827160493827161,0.5148148148148148,0.14320987654320988,0.0012345679012345679,0.006172839506172839,0.08148148148148149,0.03950617283950617,0.03827160493827161,0.006172839506172839,0.0012345679012345679,0.0012345679012345679,0.0,0.044444444444444446,0.003703703703703704,0.0012345679012345679,0.0012345679012345679,0.044444444444444446,0.018518518518518517
