round,client_id,accuracy,macro_precision,macro_recall,macro_f1,num_samples
14,0,0.7147487844408428,0.6330149812883418,0.7141118099202561,0.6271213898533342,617
14,1,0.7087628865979382,0.5031716626362215,0.6574586870907998,0.507799076945071,388
14,2,0.6929577464788732,0.5441019618209807,0.6544578747414882,0.5561607314864212,355
14,3,0.7941176470588235,0.5578311345367812,0.6748326187542435,0.5663782472081047,544
14,4,0.7541589648798521,0.5951199112473625,0.6481210756204454,0.5774528617608785,541
14,5,0.7687861271676301,0.5057278668296434,0.5234253229409704,0.49660328784624985,519
14,6,0.7928176795580111,0.683274466295527,0.816501662600998,0.6923755855243988,362
14,7,0.786036036036036,0.5995681882793028,0.7020097977094284,0.5930122896307696,444
