round,client_id,accuracy,macro_precision,macro_recall,macro_f1,num_samples
15,0,0.7082658022690438,0.6328378471181945,0.7201582209725624,0.6315208344539027,617
15,1,0.7268041237113402,0.5152303313945057,0.7201661913331877,0.5350437845750905,388
15,2,0.7014084507042253,0.5631822410051891,0.6555204889763714,0.5719710551095526,355
15,3,0.8051470588235294,0.5712327221285466,0.6770097833770602,0.5723962613388462,544
15,4,0.7578558225508318,0.5933183342633793,0.653127881265549,0.5773986471844295,541
15,5,0.7726396917148363,0.5228194337924662,0.6317163422374218,0.5254498668415608,519
15,6,0.7955801104972375,0.6703744056991585,0.81803593309495,0.682896470310187,362
15,7,0.7927927927927928,0.5874226300885259,0.6583675661006048,0.5842526789862665,444
