round,client_id,accuracy,macro_precision,macro_recall,macro_f1,num_samples
20,0,0.7050243111831442,0.6286430344766348,0.7024826149751682,0.6196457414654633,617
20,1,0.7164948453608248,0.5130472311549046,0.6644429749500878,0.518307030194938,388
20,2,0.7126760563380282,0.5460335246538807,0.6651920122403315,0.5663711226443467,355
20,3,0.78125,0.5614199912168305,0.6665037815180835,0.5622703965861038,544
20,4,0.7689463955637708,0.6116739165393292,0.6663592279182124,0.5964589924081429,541
20,5,0.7938342967244701,0.5289944223519805,0.5851298337317886,0.5309760279288966,519
20,6,0.7790055248618785,0.6162658571220214,0.7995951215694942,0.6240265272851875,362
20,7,0.7747747747747747,0.5639027796873017,0.6149807893889576,0.552797512543536,444
