round,client_id,accuracy,macro_precision,macro_recall,macro_f1,num_samples
13,0,0.7050243111831442,0.6463430115400872,0.7065832297365542,0.6278020065859462,617
13,1,0.6984536082474226,0.500979412914264,0.6960814734984699,0.5066964079698975,388
13,2,0.6985915492957746,0.5412529585339172,0.6494707793027121,0.5486776667867048,355
13,3,0.8014705882352942,0.556652212166918,0.6636420098462432,0.5602160260600086,544
13,4,0.7486136783733827,0.5877843343713912,0.6485628520425009,0.5687154081146147,541
13,5,0.7533718689788054,0.5048591293444235,0.5181859149864756,0.4932965957880701,519
13,6,0.7790055248618785,0.6062439931032608,0.7132753294024409,0.6116634794696264,362
13,7,0.795045045045045,0.5965833360543401,0.6535859763424733,0.5869609588423438,444
