{
  "best_round": 4,
  "best_rouge1": 42.336942200025405,
  "best_rouge2": 21.032609094069176,
  "best_rougeL": 30.193807043056392,
  "best_bleu1": 34.52934353567239,
  "best_bleu4": 13.695593358482256,
  "best_train_loss": 1.334630314477221,
  "best_val_loss": 1.6166897809872158,
  "best_gini_coefficient": 0.0,
  "best_mean_contribution": 0.2068703965413122,
  "best_min_contribution": 0.0004411116012351125,
  "best_max_contribution": 1.0,
  "best_cv_contribution": 0.0,
  "best_num_samples": 5000.0
}