{
  "round_times_sec": [
    810.6727161407471,
    808.6523694992065,
    1151.9250614643097,
    942.3873965740204,
    1008.8112251758575
  ],
  "total_time_sec": 4722.448773145676,
  "num_rounds": 5,
  "num_clients": 5
}