{
  "train_loss": [
    1.8947046399116516,
    1.3537060856819152,
    1.5011243408828947,
    1.334630314477221,
    1.2489265094958795
  ],
  "val_loss": [
    1.9816837369620814,
    1.862052444168815,
    1.6166737453539652,
    1.6166897809872158,
    1.6166847509189406
  ],
  "test_loss": [
    null,
    null,
    null,
    null,
    1.8312035840864365
  ],
  "rouge1": [
    41.72635908437356,
    40.56741752449601,
    42.351783475631045,
    42.336942200025405,
    42.34566405889529
  ],
  "rouge2": [
    19.979025737906976,
    19.4718684678909,
    21.091627773236592,
    21.032609094069176,
    21.127850159511993
  ],
  "rougeL": [
    29.94171036299158,
    29.363172470913547,
    30.13262889366885,
    30.193807043056392,
    30.131900622585
  ],
  "bleu1": [
    34.71588487589209,
    33.07910364731367,
    34.528361592401225,
    34.52934353567239,
    34.52906928570469
  ],
  "bleu2": [
    23.294108636156505,
    22.454511980692537,
    23.998092653851597,
    23.9984877745721,
    23.99973934805534
  ],
  "bleu3": [
    16.9023802265174,
    16.46043965344446,
    17.990926629343654,
    17.991677611213056,
    17.99286659043356
  ],
  "bleu4": [
    12.815582506348548,
    12.432949461781444,
    13.694710046601864,
    13.695593358482256,
    13.696468851948515
  ],
  "gini_coefficient": [
    0.0,
    0.0,
    0.0,
    0.0,
    0.0
  ],
  "mean_contribution": [
    0.2068703965413122,
    0.2068703965413122,
    0.2068703965413122,
    0.2068703965413122,
    0.2068703965413122
  ],
  "min_contribution": [
    0.0004411116012351125,
    0.0004411116012351125,
    0.0004411116012351125,
    0.0004411116012351125,
    0.0004411116012351125
  ],
  "max_contribution": [
    1.0,
    1.0,
    1.0,
    1.0,
    1.0
  ],
  "cv_contribution": [
    0.0,
    0.0,
    0.0,
    0.0,
    0.0
  ],
  "num_samples": [
    5000,
    5000,
    5000,
    5000,
    5000
  ]
}