{
  "round_times_sec": [
    1139.4087846279144,
    1140.4369683265686
  ],
  "total_time_sec": 2279.845773458481,
  "num_rounds": 2,
  "num_clients": 2
}