round,train_loss,val_loss,test_loss,rouge1,rouge2,rougeL,bleu1,bleu2,bleu3,bleu4,gini_coefficient,mean_contribution,min_contribution,max_contribution,cv_contribution,num_samples
1,1.7412002125263215,1.6364341209035254,,42.526841128679024,20.13196694286352,29.78133993193955,32.337068486612225,21.801196117707114,16.436853722206273,12.652061325271157,0.0,0.0004320595813619175,0.00031436655139893113,0.0005497526113249038,0.0,5000
2,1.1466347894668578,1.6364351277388478,1.6840474422161396,42.52758469490334,20.13771795163528,29.78349009904703,32.33901318212607,21.80158269329369,16.43711127675902,12.652515198165744,0.0,0.0004320595813619175,0.00031436655139893113,0.0005497526113249038,0.0,5000
