{
  "train_loss": [
    1.7412002125263215,
    1.1466347894668578
  ],
  "val_loss": [
    1.6364341209035254,
    1.6364351277388478
  ],
  "test_loss": [
    null,
    1.6840474422161396
  ],
  "rouge1": [
    42.526841128679024,
    42.52758469490334
  ],
  "rouge2": [
    20.13196694286352,
    20.13771795163528
  ],
  "rougeL": [
    29.78133993193955,
    29.78349009904703
  ],
  "bleu1": [
    32.337068486612225,
    32.33901318212607
  ],
  "bleu2": [
    21.801196117707114,
    21.80158269329369
  ],
  "bleu3": [
    16.436853722206273,
    16.43711127675902
  ],
  "bleu4": [
    12.652061325271157,
    12.652515198165744
  ],
  "gini_coefficient": [
    0.0,
    0.0
  ],
  "mean_contribution": [
    0.0004320595813619175,
    0.0004320595813619175
  ],
  "min_contribution": [
    0.00031436655139893113,
    0.00031436655139893113
  ],
  "max_contribution": [
    0.0005497526113249038,
    0.0005497526113249038
  ],
  "cv_contribution": [
    0.0,
    0.0
  ],
  "num_samples": [
    5000,
    5000
  ]
}