client_id,train_size,train_prop,test_size,test_prop
0,3694,0.24502520562483418,722,0.19151193633952254
1,3511,0.23288670734942957,784,0.2079575596816976
2,4956,0.3287344123109578,622,0.1649867374005305
3,2915,0.19335367471477846,1642,0.43554376657824934
