round,client_id,epoch,num_samples,class_0,class_1,class_2,class_3,class_4,class_5,class_6,class_7,class_8,class_9,class_10,class_11,class_12,class_13,class_14,class_15,class_16,class_17,class_18,class_19,prop_0,prop_1,prop_2,prop_3,prop_4,prop_5,prop_6,prop_7,prop_8,prop_9,prop_10,prop_11,prop_12,prop_13,prop_14,prop_15,prop_16,prop_17,prop_18,prop_19
16,6,1,2410,0,0,550,0,1,177,143,436,505,54,0,0,0,0,0,100,1,0,443,0,0.0,0.0,0.22821576763485477,0.0,0.0004149377593360996,0.07344398340248963,0.05933609958506224,0.18091286307053941,0.2095435684647303,0.022406639004149378,0.0,0.0,0.0,0.0,0.0,0.04149377593360996,0.0004149377593360996,0.0,0.18381742738589213,0.0
