round,client_id,epoch,num_samples,class_0,class_1,class_2,class_3,class_4,class_5,class_6,class_7,class_8,class_9,class_10,class_11,class_12,class_13,class_14,class_15,class_16,class_17,class_18,class_19,prop_0,prop_1,prop_2,prop_3,prop_4,prop_5,prop_6,prop_7,prop_8,prop_9,prop_10,prop_11,prop_12,prop_13,prop_14,prop_15,prop_16,prop_17,prop_18,prop_19
13,5,1,843,0,0,0,658,59,0,0,98,0,0,19,0,0,0,4,0,3,0,2,0,0.0,0.0,0.0,0.7805456702253856,0.06998813760379596,0.0,0.0,0.1162514827995255,0.0,0.0,0.022538552787663108,0.0,0.0,0.0,0.004744958481613286,0.0,0.0035587188612099642,0.0,0.002372479240806643,0.0
