round,client_id,epoch,num_samples,class_0,class_1,class_2,class_3,class_4,class_5,class_6,class_7,class_8,class_9,class_10,class_11,class_12,class_13,class_14,class_15,class_16,class_17,class_18,class_19,prop_0,prop_1,prop_2,prop_3,prop_4,prop_5,prop_6,prop_7,prop_8,prop_9,prop_10,prop_11,prop_12,prop_13,prop_14,prop_15,prop_16,prop_17,prop_18,prop_19
6,0,1,1030,0,16,8,0,0,0,0,27,0,96,0,1,2,0,0,10,684,0,0,186,0.0,0.015533980582524271,0.007766990291262136,0.0,0.0,0.0,0.0,0.02621359223300971,0.0,0.09320388349514563,0.0,0.000970873786407767,0.001941747572815534,0.0,0.0,0.009708737864077669,0.6640776699029126,0.0,0.0,0.18058252427184465
