round,client_id,epoch,num_samples,class_0,class_1,class_2,class_3,class_4,class_5,class_6,class_7,class_8,class_9,class_10,class_11,class_12,class_13,class_14,class_15,class_16,class_17,class_18,class_19,prop_0,prop_1,prop_2,prop_3,prop_4,prop_5,prop_6,prop_7,prop_8,prop_9,prop_10,prop_11,prop_12,prop_13,prop_14,prop_15,prop_16,prop_17,prop_18,prop_19
20,1,1,1583,0,546,58,0,0,264,0,0,2,0,23,0,190,55,0,437,3,5,0,0,0.0,0.344914718888187,0.03663929248262792,0.0,0.0,0.16677195198989261,0.0,0.0,0.0012634238787113076,0.0,0.014529374605180037,0.0,0.12002526847757422,0.03474415666456096,0.0,0.27605811749842074,0.0018951358180669614,0.003158559696778269,0.0,0.0
