round,client_id,epoch,num_samples,class_0,class_1,class_2,class_3,class_4,class_5,class_6,class_7,class_8,class_9,class_10,class_11,class_12,class_13,class_14,class_15,class_16,class_17,class_18,class_19,prop_0,prop_1,prop_2,prop_3,prop_4,prop_5,prop_6,prop_7,prop_8,prop_9,prop_10,prop_11,prop_12,prop_13,prop_14,prop_15,prop_16,prop_17,prop_18,prop_19
12,3,1,2861,0,206,31,105,616,16,0,201,277,0,295,0,59,215,784,15,37,0,0,4,0.0,0.07200279622509612,0.01083537224746592,0.03670045438657812,0.2153093324012583,0.005592450192240475,0.0,0.07025515554002097,0.09681929395316323,0.0,0.10311080041943377,0.0,0.020622160083886752,0.07514854945823139,0.2740300594197833,0.005242922055225445,0.0129325410695561,0.0,0.0,0.0013981125480601187
