round,client_id,epoch,num_samples,class_0,class_1,class_2,class_3,class_4,class_5,class_6,class_7,class_8,class_9,class_10,class_11,class_12,class_13,class_14,class_15,class_16,class_17,class_18,class_19,prop_0,prop_1,prop_2,prop_3,prop_4,prop_5,prop_6,prop_7,prop_8,prop_9,prop_10,prop_11,prop_12,prop_13,prop_14,prop_15,prop_16,prop_17,prop_18,prop_19
17,7,1,2389,0,10,0,23,0,4,556,0,0,0,356,780,3,475,0,0,0,85,2,95,0.0,0.004185851820845542,0.0,0.009627459187944746,0.0,0.0016743407283382169,0.23273336123901214,0.0,0.0,0.0,0.1490163248221013,0.3264964420259523,0.0012557555462536626,0.19882796149016324,0.0,0.0,0.0,0.03557974047718711,0.0008371703641691084,0.03976559229803265
