round,client_id,epoch,num_samples,class_0,class_1,class_2,class_3,class_4,class_5,class_6,class_7,class_8,class_9,class_10,class_11,class_12,class_13,class_14,class_15,class_16,class_17,class_18,class_19,prop_0,prop_1,prop_2,prop_3,prop_4,prop_5,prop_6,prop_7,prop_8,prop_9,prop_10,prop_11,prop_12,prop_13,prop_14,prop_15,prop_16,prop_17,prop_18,prop_19
16,4,1,2036,0,0,0,0,1,326,81,30,13,645,24,4,507,47,2,142,0,1,0,213,0.0,0.0,0.0,0.0,0.0004911591355599214,0.16011787819253437,0.039783889980353634,0.014734774066797643,0.0063850687622789785,0.31679764243614933,0.011787819253438114,0.0019646365422396855,0.24901768172888017,0.023084479371316306,0.0009823182711198428,0.06974459724950884,0.0,0.0004911591355599214,0.0,0.10461689587426326
