round,client_id,epoch,num_samples,class_0,class_1,class_2,class_3,class_4,class_5,class_6,class_7,class_8,class_9,class_10,class_11,class_12,class_13,class_14,class_15,class_16,class_17,class_18,class_19,prop_0,prop_1,prop_2,prop_3,prop_4,prop_5,prop_6,prop_7,prop_8,prop_9,prop_10,prop_11,prop_12,prop_13,prop_14,prop_15,prop_16,prop_17,prop_18,prop_19
7,2,1,1924,639,0,141,0,93,3,0,0,0,0,82,8,26,0,0,94,0,661,173,4,0.3321205821205821,0.0,0.07328482328482329,0.0,0.04833679833679834,0.0015592515592515593,0.0,0.0,0.0,0.0,0.04261954261954262,0.004158004158004158,0.013513513513513514,0.0,0.0,0.04885654885654886,0.0,0.34355509355509356,0.08991683991683992,0.002079002079002079
