round,client_id,accuracy,macro_precision,macro_recall,macro_f1,num_samples
8,0,0.6417112299465241,0.37589713618616777,0.36275269541778976,0.32003227469032147,374
8,1,0.6008836524300442,0.2554712921570884,0.27396207438101616,0.23361976517257102,679
8,2,0.7347222222222223,0.35479600804944944,0.3848027876618708,0.3488757397497885,720
8,3,0.7707509881422925,0.2854198328267477,0.31863002953119235,0.28761841858886583,253
8,4,0.7534722222222222,0.30203717850776673,0.3103516954708193,0.29412591977755054,288
8,5,0.7410852713178294,0.3991294475505002,0.3442681943656583,0.3671237294523736,645
8,6,0.7111597374179431,0.3227412305841987,0.26466111123577696,0.2870083792830986,457
8,7,0.7655367231638418,0.35139162284469233,0.4139503932244404,0.3463265650833369,354
