round,client_id,accuracy,macro_precision,macro_recall,macro_f1,num_samples
19,0,0.6443850267379679,0.32604240888272007,0.3418357751153183,0.2881893310725053,374
19,1,0.6480117820324006,0.30814430772866974,0.24769673677944465,0.2550470648309303,679
19,2,0.7388888888888889,0.39225347877603534,0.3862198623225788,0.34150313134568266,720
19,3,0.8181818181818182,0.2971787288808566,0.33676510397440634,0.2999705387205387,253
19,4,0.7777777777777778,0.3576041938579494,0.3577228735423299,0.3447511542258883,288
19,5,0.751937984496124,0.37977950569697433,0.32732115581482263,0.35046020115130594,645
19,6,0.7286652078774617,0.33380455180049146,0.27694269369389585,0.3006768894777785,457
19,7,0.7768361581920904,0.43843621540905375,0.4792795926598104,0.43412929545915,354
