round,client_id,accuracy,macro_precision,macro_recall,macro_f1,num_samples
14,0,0.6470588235294118,0.35425964682022715,0.3505621364732586,0.30461259399638324,374
14,1,0.6509572901325479,0.27902933585703027,0.2924901158923884,0.25788428722780626,679
14,2,0.7430555555555556,0.35185307972426383,0.3874788737649518,0.3507383719133827,720
14,3,0.8023715415019763,0.2982391782831988,0.30421050203026945,0.2887899101424338,253
14,4,0.7777777777777778,0.35993704731604953,0.36273524977995364,0.3509014903361576,288
14,5,0.7488372093023256,0.3993952810034507,0.34688582257792644,0.3702676991824216,645
14,6,0.7111597374179431,0.3338169043784986,0.283784714103863,0.3039409640594023,457
14,7,0.7598870056497176,0.4271007815248853,0.47589080459770117,0.42583525473788725,354
