round,client_id,accuracy,macro_precision,macro_recall,macro_f1,num_samples
1,0,0.5213903743315508,0.2704597701149425,0.22348757112908058,0.2049499590061485,374
1,1,0.35051546391752575,0.2584787554153751,0.2599270848664155,0.14779468482374158,679
1,2,0.4708333333333333,0.242061987715453,0.27580532634296073,0.20788054440431122,720
1,3,0.03557312252964427,0.17124741200828156,0.23555555555555557,0.10866618252239167,253
1,4,0.6145833333333334,0.29826809135564897,0.27193566326999796,0.2563763710849742,288
1,5,0.32868217054263565,0.26753485784265857,0.124540637761349,0.14393140570970236,645
1,6,0.26914660831509846,0.2878897269773716,0.17256621142728776,0.1610709845965637,457
1,7,0.4378531073446328,0.2750456849920563,0.357345167876588,0.22742561639150094,354
