round,client_id,accuracy,macro_precision,macro_recall,macro_f1,num_samples
16,0,0.6149732620320856,0.3500765660289328,0.34002045207358017,0.29861625671614667,374
16,1,0.658321060382916,0.26381779240523634,0.2466662986091778,0.24685799921755508,679
16,2,0.7361111111111112,0.3467938008281865,0.3910070772655662,0.34349149965500947,720
16,3,0.8142292490118577,0.31143360752056404,0.33570690291620525,0.3124863477501092,253
16,4,0.7638888888888888,0.33530154687370894,0.33199194155177936,0.3233120102600046,288
16,5,0.751937984496124,0.3999667318681789,0.35091685994477373,0.3722142250667278,645
16,6,0.7221006564551422,0.3528980876669435,0.2893632812281123,0.31592900164533955,457
16,7,0.7711864406779662,0.451307717378946,0.4770210727969348,0.44201817598596627,354
