round,client_id,accuracy,macro_precision,macro_recall,macro_f1,num_samples
11,0,0.6336898395721925,0.35733995301058114,0.3396228564550312,0.30136669009843825,374
11,1,0.6215022091310751,0.25937450854478095,0.23445047740448385,0.24080232246590202,679
11,2,0.7541666666666667,0.36658238894690404,0.3965231527638149,0.36178666664414283,720
11,3,0.7786561264822134,0.2877196163765313,0.3206141565153193,0.2908168070384225,253
11,4,0.7777777777777778,0.3458136706926729,0.36982558591440745,0.3413176691957327,288
11,5,0.737984496124031,0.40267217736422195,0.3456370464870789,0.36918594909950936,645
11,6,0.7199124726477024,0.33808190955146533,0.2835426787554447,0.3057213576915983,457
11,7,0.7542372881355932,0.35963346212953134,0.41752823149828594,0.35624232653303395,354
