client_id,train_size,train_prop,test_size,test_prop
0,1030,0.06832050941894402,374,0.09920424403183024
1,1583,0.10500132661183338,679,0.18010610079575598
2,1924,0.12762005837092066,720,0.1909814323607427
3,2861,0.18977182276465906,253,0.06710875331564986
4,2036,0.13504908463783497,288,0.07639257294429708
5,843,0.05591668877686389,645,0.17108753315649866
6,2410,0.15985672592199524,457,0.12122015915119363
7,2389,0.15846378349694878,354,0.09389920424403184
