{
  "best_round": 4,
  "best_rouge1": 48.86269409262534,
  "best_rouge2": 30.489198936370528,
  "best_rougeL": 38.72799371939149,
  "best_bleu1": 37.02234513217116,
  "best_bleu4": 21.63537781815603,
  "best_train_loss": 0.8931945240974426,
  "best_val_loss": 1.4663560659498167,
  "best_gini_coefficient": 0.0,
  "best_mean_contribution": 0.33362140600671,
  "best_min_contribution": 0.00031446540880503143,
  "best_max_contribution": 1.0,
  "best_cv_contribution": 0.0,
  "best_num_samples": 5000.0
}