{
  "round_times_sec": [
    1136.2556717395782,
    794.4819555282593,
    1142.5223503112793,
    1141.3853282928467,
    1143.295957326889
  ],
  "total_time_sec": 5357.94126701355,
  "num_rounds": 5,
  "num_clients": 3
}