{
  "train_loss": [
    2.1469003052234648,
    1.142985224723816,
    1.1278815445661545,
    0.8931945240974426,
    0.9112832030296326
  ],
  "val_loss": [
    1.4153517887082536,
    1.4663534724506384,
    1.4663510863600002,
    1.4663560659498167,
    1.4663574624980817
  ],
  "test_loss": [
    null,
    null,
    null,
    null,
    1.2877457481517454
  ],
  "rouge1": [
    42.20550034706708,
    48.86935561790335,
    48.85849851674902,
    48.86269409262534,
    48.85445914086895
  ],
  "rouge2": [
    21.963584631562696,
    30.48409411853618,
    30.489151326780302,
    30.489198936370528,
    30.486599984949052
  ],
  "rougeL": [
    31.652876294498242,
    38.71523747039689,
    38.720602891452025,
    38.72799371939149,
    38.72061133896815
  ],
  "bleu1": [
    31.349651130414887,
    37.02091649243631,
    37.023661504743046,
    37.02234513217116,
    37.02117685531172
  ],
  "bleu2": [
    22.15866632028524,
    28.774145438670462,
    28.77651470613443,
    28.775086636621335,
    28.774237315161216
  ],
  "bleu3": [
    17.628101905371913,
    24.684120668631113,
    24.686040134312506,
    24.684861716283155,
    24.68418460887837
  ],
  "bleu4": [
    14.417178167843696,
    21.634712057924606,
    21.63626282581831,
    21.63537781815603,
    21.63487192516691
  ],
  "gini_coefficient": [
    0.0,
    0.0,
    0.0,
    0.0,
    0.0
  ],
  "mean_contribution": [
    0.33362140600671,
    0.33362140600671,
    0.33362140600671,
    0.33362140600671,
    0.33362140600671
  ],
  "min_contribution": [
    0.00031446540880503143,
    0.00031446540880503143,
    0.00031446540880503143,
    0.00031446540880503143,
    0.00031446540880503143
  ],
  "max_contribution": [
    1.0,
    1.0,
    1.0,
    1.0,
    1.0
  ],
  "cv_contribution": [
    0.0,
    0.0,
    0.0,
    0.0,
    0.0
  ],
  "num_samples": [
    5000,
    5000,
    5000,
    5000,
    5000
  ]
}