model,hub_id,epoch,rouge1,rouge2,rougeL,rougeLsum,bleu,meteor,chrf,bertscore_precision,bertscore_recall,bertscore_f1,loss,perplexity
DistilBART,sshleifer/distilbart-cnn-12-6,1,0.40888762388171895,0.1895019808276801,0.2841762553159583,0.3840879518892178,14.578879163786176,0.38219764361243713,42.711119151271774,0.8830535307526588,0.8915269327163696,0.8871345353126526,1.6508443355560303,5.211378121944501
DistilBART,sshleifer/distilbart-cnn-12-6,2,0.4083278121455349,0.18634868881662375,0.2825420948179702,0.38412994706695897,14.386043687704028,0.37916722292299776,42.36046359388095,0.8836310681819916,0.8916888182759285,0.8875073242068291,1.8916717767715454,6.63044404303331
DistilBART,sshleifer/distilbart-cnn-12-6,3,0.4021743251826313,0.17684388176216426,0.2743890508124114,0.37750894949061525,13.446518184469069,0.3715578652065086,41.763319088088345,0.8827853868365287,0.8905882405400276,0.8865385129094124,2.394719123840332,10.965117786338947
DistilBART,sshleifer/distilbart-cnn-12-6,4,0.40048426705657747,0.17367701113735917,0.27134296641853917,0.37547031627799876,12.874133320912266,0.3713392290683636,41.761834468555,0.8822637661576271,0.8903867666840554,0.8861767039179802,2.8791043758392334,17.798325428807537
DistilBART,sshleifer/distilbart-cnn-12-6,5,0.3981156837424681,0.17032002563159268,0.26672552231061597,0.37288430887603113,12.477765377748343,0.36812086159639973,41.4987451467318,0.8817492601633072,0.8897774253368378,0.885612697327137,3.2296502590179443,25.270817184815687
DistilBART,sshleifer/distilbart-cnn-12-6,val,0.3981156837424681,0.17032002563159268,0.26672552231061597,0.37288430887603113,12.477765377748343,0.36812086159639973,41.4987451467318,0.8817492601633072,0.8897774253368378,0.885612697327137,3.2296502590179443,25.270817184815687
DistilBART,sshleifer/distilbart-cnn-12-6,test,0.3565948218601437,0.15063793049392254,0.25133706661465677,0.32759942350277216,10.579181698375978,0.36886175807590227,40.474403169678645,0.8730539846420288,0.8953052806854248,0.8839850080013275,3.1732873916625977,23.885877666166508
