round,client_id,epoch,num_samples,class_0,class_1,class_2,class_3,class_4,class_5,class_6,class_7,class_8,class_9,class_10,class_11,class_12,class_13,class_14,class_15,class_16,class_17,class_18,class_19,prop_0,prop_1,prop_2,prop_3,prop_4,prop_5,prop_6,prop_7,prop_8,prop_9,prop_10,prop_11,prop_12,prop_13,prop_14,prop_15,prop_16,prop_17,prop_18,prop_19
10,3,1,1687,1,197,255,127,38,199,41,365,85,0,17,144,87,8,3,13,6,1,86,14,0.0005927682276229994,0.11677534084173088,0.15115589804386484,0.07528156490812092,0.022525192649673977,0.11796087729697688,0.024303497332542976,0.2163604030823948,0.05038529934795495,0.0,0.01007705986959099,0.08535862477771192,0.051570835803200946,0.004742145820983995,0.0017783046828689982,0.007705986959098993,0.0035566093657379964,0.0005927682276229994,0.05097806757557795,0.008298755186721992
