round,client_id,epoch,num_samples,class_0,class_1,class_2,class_3,class_4,class_5,class_6,class_7,class_8,class_9,class_10,class_11,class_12,class_13,class_14,class_15,class_16,class_17,class_18,class_19,prop_0,prop_1,prop_2,prop_3,prop_4,prop_5,prop_6,prop_7,prop_8,prop_9,prop_10,prop_11,prop_12,prop_13,prop_14,prop_15,prop_16,prop_17,prop_18,prop_19
2,5,1,1494,8,4,22,281,32,18,38,64,262,10,0,13,2,63,20,55,208,0,312,82,0.00535475234270415,0.002677376171352075,0.014725568942436412,0.18808567603748327,0.0214190093708166,0.012048192771084338,0.025435073627844713,0.0428380187416332,0.1753681392235609,0.006693440428380187,0.0,0.008701472556894244,0.0013386880856760374,0.04216867469879518,0.013386880856760375,0.03681392235609103,0.1392235609103079,0.0,0.20883534136546184,0.05488621151271754
