round,client_id,epoch,num_samples,class_0,class_1,class_2,class_3,class_4,class_5,class_6,class_7,class_8,class_9,class_10,class_11,class_12,class_13,class_14,class_15,class_16,class_17,class_18,class_19,prop_0,prop_1,prop_2,prop_3,prop_4,prop_5,prop_6,prop_7,prop_8,prop_9,prop_10,prop_11,prop_12,prop_13,prop_14,prop_15,prop_16,prop_17,prop_18,prop_19
7,6,1,1844,39,7,29,23,8,161,9,2,20,462,300,58,0,3,33,29,137,505,3,16,0.021149674620390455,0.003796095444685466,0.015726681127982648,0.012472885032537961,0.004338394793926247,0.08731019522776573,0.004880694143167028,0.0010845986984815619,0.010845986984815618,0.25054229934924077,0.16268980477223427,0.031453362255965296,0.0,0.0016268980477223427,0.01789587852494577,0.015726681127982648,0.07429501084598698,0.2738611713665944,0.0016268980477223427,0.008676789587852495
