round,client_id,epoch,num_samples,class_0,class_1,class_2,class_3,class_4,class_5,class_6,class_7,class_8,class_9,class_10,class_11,class_12,class_13,class_14,class_15,class_16,class_17,class_18,class_19,prop_0,prop_1,prop_2,prop_3,prop_4,prop_5,prop_6,prop_7,prop_8,prop_9,prop_10,prop_11,prop_12,prop_13,prop_14,prop_15,prop_16,prop_17,prop_18,prop_19
9,8,1,1730,18,36,133,220,45,3,405,3,38,3,71,33,247,42,62,213,30,20,48,60,0.010404624277456647,0.020809248554913295,0.07687861271676301,0.12716763005780346,0.02601156069364162,0.0017341040462427746,0.23410404624277456,0.0017341040462427746,0.021965317919075144,0.0017341040462427746,0.041040462427745665,0.01907514450867052,0.14277456647398845,0.024277456647398842,0.035838150289017344,0.12312138728323699,0.017341040462427744,0.011560693641618497,0.027745664739884393,0.03468208092485549
