round,client_id,epoch,num_samples,class_0,class_1,class_2,class_3,class_4,class_5,class_6,class_7,class_8,class_9,class_10,class_11,class_12,class_13,class_14,class_15,class_16,class_17,class_18,class_19,prop_0,prop_1,prop_2,prop_3,prop_4,prop_5,prop_6,prop_7,prop_8,prop_9,prop_10,prop_11,prop_12,prop_13,prop_14,prop_15,prop_16,prop_17,prop_18,prop_19
1,7,1,1553,18,62,27,81,68,0,17,132,29,35,8,182,253,57,208,149,42,61,43,81,0.01159047005795235,0.03992273019961365,0.017385705086928525,0.05215711526078558,0.0437862202189311,0.0,0.010946555054732776,0.0849967804249839,0.018673535093367676,0.022537025112685124,0.0051513200257566,0.11719253058596266,0.16291049581455247,0.03670315518351577,0.1339343206696716,0.09594333547971667,0.02704443013522215,0.039278815196394076,0.027688345138441726,0.05215711526078558
