round,client_id,epoch,num_samples,class_0,class_1,class_2,class_3,class_4,class_5,class_6,class_7,class_8,class_9,class_10,class_11,class_12,class_13,class_14,class_15,class_16,class_17,class_18,class_19,prop_0,prop_1,prop_2,prop_3,prop_4,prop_5,prop_6,prop_7,prop_8,prop_9,prop_10,prop_11,prop_12,prop_13,prop_14,prop_15,prop_16,prop_17,prop_18,prop_19
20,4,1,1042,3,30,10,1,103,1,1,15,177,10,86,4,4,346,35,49,22,68,1,76,0.0028790786948176585,0.028790786948176585,0.009596928982725527,0.0009596928982725527,0.09884836852207293,0.0009596928982725527,0.0009596928982725527,0.014395393474088292,0.16986564299424184,0.009596928982725527,0.08253358925143954,0.003838771593090211,0.003838771593090211,0.33205374280230326,0.03358925143953935,0.04702495201535509,0.02111324376199616,0.06525911708253358,0.0009596928982725527,0.07293666026871401
