round,client_id,epoch,num_samples,class_0,class_1,class_2,class_3,class_4,class_5,class_6,class_7,class_8,class_9,class_10,class_11,class_12,class_13,class_14,class_15,class_16,class_17,class_18,class_19,prop_0,prop_1,prop_2,prop_3,prop_4,prop_5,prop_6,prop_7,prop_8,prop_9,prop_10,prop_11,prop_12,prop_13,prop_14,prop_15,prop_16,prop_17,prop_18,prop_19
19,2,1,1725,501,1,10,1,352,18,18,3,18,64,5,164,107,137,146,1,129,3,2,45,0.29043478260869565,0.0005797101449275362,0.005797101449275362,0.0005797101449275362,0.20405797101449274,0.010434782608695653,0.010434782608695653,0.0017391304347826088,0.010434782608695653,0.03710144927536232,0.002898550724637681,0.09507246376811594,0.06202898550724638,0.07942028985507246,0.08463768115942029,0.0005797101449275362,0.07478260869565218,0.0017391304347826088,0.0011594202898550724,0.02608695652173913
