round,client_id,epoch,num_samples,class_0,class_1,class_2,class_3,class_4,class_5,class_6,class_7,class_8,class_9,class_10,class_11,class_12,class_13,class_14,class_15,class_16,class_17,class_18,class_19,prop_0,prop_1,prop_2,prop_3,prop_4,prop_5,prop_6,prop_7,prop_8,prop_9,prop_10,prop_11,prop_12,prop_13,prop_14,prop_15,prop_16,prop_17,prop_18,prop_19
8,9,1,936,0,4,109,36,0,22,13,15,10,12,169,79,2,63,103,195,3,24,6,71,0.0,0.004273504273504274,0.11645299145299146,0.038461538461538464,0.0,0.023504273504273504,0.013888888888888888,0.016025641025641024,0.010683760683760684,0.01282051282051282,0.18055555555555555,0.08440170940170941,0.002136752136752137,0.0673076923076923,0.11004273504273504,0.20833333333333334,0.003205128205128205,0.02564102564102564,0.00641025641025641,0.07585470085470085
