round,client_id,epoch,num_samples,class_0,class_1,class_2,class_3,class_4,class_5,class_6,class_7,class_8,class_9,class_10,class_11,class_12,class_13,class_14,class_15,class_16,class_17,class_18,class_19,prop_0,prop_1,prop_2,prop_3,prop_4,prop_5,prop_6,prop_7,prop_8,prop_9,prop_10,prop_11,prop_12,prop_13,prop_14,prop_15,prop_16,prop_17,prop_18,prop_19
12,0,1,1187,12,70,79,0,1,84,232,13,129,57,0,1,0,53,177,92,151,9,0,27,0.010109519797809604,0.05897219882055602,0.06655433866891322,0.0,0.0008424599831508003,0.07076663858466722,0.1954507160909857,0.010951979780960405,0.10867733782645324,0.04802021903959562,0.0,0.0008424599831508003,0.0,0.04465037910699242,0.14911541701769165,0.07750631844987363,0.12721145745577084,0.007582139848357203,0.0,0.02274641954507161
