round,client_id,epoch,num_samples,class_0,class_1,class_2,class_3,class_4,class_5,class_6,class_7,class_8,class_9,class_10,class_11,class_12,class_13,class_14,class_15,class_16,class_17,class_18,class_19,prop_0,prop_1,prop_2,prop_3,prop_4,prop_5,prop_6,prop_7,prop_8,prop_9,prop_10,prop_11,prop_12,prop_13,prop_14,prop_15,prop_16,prop_17,prop_18,prop_19
5,1,1,1878,39,367,114,16,123,284,6,180,29,142,143,115,85,20,3,2,0,61,119,30,0.020766773162939296,0.1954206602768903,0.06070287539936102,0.008519701810436636,0.06549520766773163,0.15122470713525027,0.003194888178913738,0.09584664536741214,0.0154419595314164,0.07561235356762513,0.07614483493077742,0.061235356762513314,0.045260915867944625,0.010649627263045794,0.001597444089456869,0.0010649627263045794,0.0,0.03248136315228967,0.06336528221512247,0.01597444089456869
