{
  "round_times_sec": [
    1003.2497684955597,
    943.2894937992096
  ],
  "total_time_sec": 1946.5392649173737,
  "num_rounds": 2,
  "num_clients": 5
}