{
  "train_loss": [
    1.5623708348754612,
    1.6255577767446097
  ],
  "val_loss": [
    1.6339687255468764,
    1.592105135339311
  ],
  "test_loss": [
    null,
    1.6752029021581012
  ],
  "rouge1": [
    42.925443353400134,
    43.05316520538798
  ],
  "rouge2": [
    20.51946966560826,
    20.609713559253144
  ],
  "rougeL": [
    30.063725425359344,
    30.188291169605048
  ],
  "bleu1": [
    33.08210001933174,
    33.13114269735913
  ],
  "bleu2": [
    22.402219112348625,
    22.496004921945275
  ],
  "bleu3": [
    16.95651981010864,
    17.064747232828957
  ],
  "bleu4": [
    13.094843314872136,
    13.213856963193043
  ],
  "gini_coefficient": [
    0.0,
    0.0
  ],
  "mean_contribution": [
    0.0016870269014746212,
    0.0016870269014746212
  ],
  "min_contribution": [
    0.0006253908692933083,
    0.0006253908692933083
  ],
  "max_contribution": [
    0.004366812227074236,
    0.004366812227074236
  ],
  "cv_contribution": [
    0.0,
    0.0
  ],
  "num_samples": [
    5000,
    5000
  ]
}