round,train_loss,val_loss,test_loss,rouge1,rouge2,rougeL,bleu1,bleu2,bleu3,bleu4,gini_coefficient,mean_contribution,min_contribution,max_contribution,cv_contribution,num_samples
1,1.5623708348754612,1.6339687255468764,,42.925443353400134,20.51946966560826,30.063725425359344,33.08210001933174,22.402219112348625,16.95651981010864,13.094843314872136,0.0,0.0016870269014746212,0.0006253908692933083,0.004366812227074236,0.0,5000
2,1.6255577767446097,1.592105135339311,1.6752029021581012,43.05316520538798,20.609713559253144,30.188291169605048,33.13114269735913,22.496004921945275,17.064747232828957,13.213856963193043,0.0,0.0016870269014746212,0.0006253908692933083,0.004366812227074236,0.0,5000
