{
  "total_contributions": {
    "0": 271.68741607666016,
    "1": 127.40197372436523,
    "2": 148.55728912353516,
    "3": 265.51713943481445,
    "4": 142.99049758911133,
    "5": 254.78873825073242,
    "6": 71.77901458740234,
    "7": 132.77993392944336,
    "8": 64.03057861328125,
    "9": 205.7180061340332
  },
  "avg_contributions": {
    "0": 67.92185401916504,
    "1": 63.70098686218262,
    "2": 74.27864456176758,
    "3": 66.37928485870361,
    "4": 71.49524879455566,
    "5": 63.697184562683105,
    "6": 71.77901458740234,
    "7": 66.38996696472168,
    "8": 64.03057861328125,
    "9": 68.5726687113444
  },
  "participation": {
    "3": 4,
    "9": 3,
    "2": 2,
    "4": 2,
    "0": 4,
    "5": 4,
    "7": 2,
    "6": 1,
    "1": 2,
    "8": 1
  },
  "inequality": {
    "gini": 0.24247985862049865,
    "cv": 0.43269468695109864,
    "mean_contribution": 168.5250587463379,
    "min_contribution": 64.03057861328125,
    "max_contribution": 271.68741607666016
  },
  "total_rounds": 5
}