client_id,num_samples,kl_to_global,class_0,class_1,class_2,class_3,class_4,class_5,class_6,class_7,class_8,class_9,class_10,class_11,class_12,class_13,class_14,class_15,class_16,class_17,class_18,class_19,prop_0,prop_1,prop_2,prop_3,prop_4,prop_5,prop_6,prop_7,prop_8,prop_9,prop_10,prop_11,prop_12,prop_13,prop_14,prop_15,prop_16,prop_17,prop_18,prop_19,dirichlet_alpha
0,3694,1.083102632719365,0,642,0,183,0,662,0,0,1,27,799,1,234,87,2,0,2,3,617,434,0.0,0.17379534380075798,0.0,0.04953979426096373,0.0,0.17920952896589062,0.0,0.0,0.0002707092582566324,0.007309149972929074,0.21629669734704926,0.0002707092582566324,0.06334596643205198,0.023551705468327015,0.0005414185165132648,0.0,0.0005414185165132648,0.0008121277747698972,0.16702761234434219,0.11748781808337845,0.1
1,3511,1.2228196755903153,0,2,733,0,755,0,0,307,72,100,0,0,0,3,740,798,0,1,0,0,0.0,0.0005696382796923954,0.20877242950726288,0.0,0.21503845058387924,0.0,0.0,0.08743947593278269,0.02050697806892623,0.028481913984619765,0.0,0.0,0.0,0.000854457419538593,0.21076616348618626,0.22728567359726573,0.0,0.0002848191398461977,0.0,0.0,0.1
2,4956,0.749270473494692,639,115,55,127,15,78,780,485,589,0,0,792,456,0,26,0,725,20,3,51,0.12893462469733658,0.02320419693301049,0.011097659402744148,0.02562550443906376,0.003026634382566586,0.015738498789346248,0.15738498789346247,0.09786117836965294,0.11884584342211461,0.0,0.0,0.15980629539951574,0.09200968523002422,0.0,0.005246166263115416,0.0,0.14628732849071832,0.004035512510088781,0.0006053268765133172,0.010290556900726392,0.1
3,2915,1.2118344511494838,0,19,0,476,0,50,0,0,135,668,0,0,97,702,22,0,1,728,0,17,0.0,0.006518010291595197,0.0,0.1632933104631218,0.0,0.017152658662092625,0.0,0.0,0.04631217838765009,0.22915951972555745,0.0,0.0,0.033276157804459694,0.24082332761578046,0.007547169811320755,0.0,0.00034305317324185246,0.2497427101200686,0.0,0.005831903945111492,0.1
