round,client_id,epoch,num_samples,class_0,class_1,class_2,class_3,class_4,class_5,class_6,class_7,class_8,class_9,class_10,class_11,class_12,class_13,class_14,class_15,class_16,class_17,class_18,class_19,prop_0,prop_1,prop_2,prop_3,prop_4,prop_5,prop_6,prop_7,prop_8,prop_9,prop_10,prop_11,prop_12,prop_13,prop_14,prop_15,prop_16,prop_17,prop_18,prop_19
12,2,1,4956,639,115,55,127,15,78,780,485,589,0,0,792,456,0,26,0,725,20,3,51,0.12893462469733658,0.02320419693301049,0.011097659402744148,0.02562550443906376,0.003026634382566586,0.015738498789346248,0.15738498789346247,0.09786117836965294,0.11884584342211461,0.0,0.0,0.15980629539951574,0.09200968523002422,0.0,0.005246166263115416,0.0,0.14628732849071832,0.004035512510088781,0.0006053268765133172,0.010290556900726392
