round,client_id,epoch,num_samples,class_0,class_1,class_2,class_3,class_4,class_5,class_6,class_7,class_8,class_9,class_10,class_11,class_12,class_13,class_14,class_15,class_16,class_17,class_18,class_19,prop_0,prop_1,prop_2,prop_3,prop_4,prop_5,prop_6,prop_7,prop_8,prop_9,prop_10,prop_11,prop_12,prop_13,prop_14,prop_15,prop_16,prop_17,prop_18,prop_19
21,0,1,3694,0,642,0,183,0,662,0,0,1,27,799,1,234,87,2,0,2,3,617,434,0.0,0.17379534380075798,0.0,0.04953979426096373,0.0,0.17920952896589062,0.0,0.0,0.0002707092582566324,0.007309149972929074,0.21629669734704926,0.0002707092582566324,0.06334596643205198,0.023551705468327015,0.0005414185165132648,0.0,0.0005414185165132648,0.0008121277747698972,0.16702761234434219,0.11748781808337845
