round,client_id,epoch,num_samples,class_0,class_1,class_2,class_3,class_4,class_5,class_6,class_7,class_8,class_9,class_10,class_11,class_12,class_13,class_14,class_15,class_16,class_17,class_18,class_19,prop_0,prop_1,prop_2,prop_3,prop_4,prop_5,prop_6,prop_7,prop_8,prop_9,prop_10,prop_11,prop_12,prop_13,prop_14,prop_15,prop_16,prop_17,prop_18,prop_19
11,3,1,2915,0,19,0,476,0,50,0,0,135,668,0,0,97,702,22,0,1,728,0,17,0.0,0.006518010291595197,0.0,0.1632933104631218,0.0,0.017152658662092625,0.0,0.0,0.04631217838765009,0.22915951972555745,0.0,0.0,0.033276157804459694,0.24082332761578046,0.007547169811320755,0.0,0.00034305317324185246,0.2497427101200686,0.0,0.005831903945111492
