round,client_id,epoch,num_samples,class_0,class_1,class_2,class_3,class_4,class_5,class_6,class_7,class_8,class_9,class_10,class_11,class_12,class_13,class_14,class_15,class_16,class_17,class_18,class_19,prop_0,prop_1,prop_2,prop_3,prop_4,prop_5,prop_6,prop_7,prop_8,prop_9,prop_10,prop_11,prop_12,prop_13,prop_14,prop_15,prop_16,prop_17,prop_18,prop_19
10,1,1,3511,0,2,733,0,755,0,0,307,72,100,0,0,0,3,740,798,0,1,0,0,0.0,0.0005696382796923954,0.20877242950726288,0.0,0.21503845058387924,0.0,0.0,0.08743947593278269,0.02050697806892623,0.028481913984619765,0.0,0.0,0.0,0.000854457419538593,0.21076616348618626,0.22728567359726573,0.0,0.0002848191398461977,0.0,0.0
