round,client_id,accuracy,macro_precision,macro_recall,macro_f1,num_samples
16,0,0.7770083102493075,0.37846968475071746,0.3534294678987044,0.3277202970083384,722
16,1,0.7117346938775511,0.3579949907951364,0.32127784839815016,0.32959953257774954,784
16,2,0.7202572347266881,0.43378606903971456,0.3968822100523509,0.3890621413291052,622
16,3,0.6741778319123021,0.5099009961378622,0.5311698758339679,0.45980476134635995,1642
