round,client_id,accuracy,macro_precision,macro_recall,macro_f1,num_samples
21,0,0.7437673130193906,0.36280587833219413,0.334000375029582,0.31267947129389,722
21,1,0.701530612244898,0.3849160034676315,0.3529226928549547,0.3560370168791155,784
21,2,0.7122186495176849,0.38480721445781574,0.374986504058878,0.36139392380113267,622
21,3,0.6833130328867235,0.5093371356255486,0.533156339371158,0.46573892420379936,1642
