round,client_id,accuracy,macro_precision,macro_recall,macro_f1,num_samples
12,0,0.7562326869806094,0.40544256373782406,0.3727274706552619,0.347124751324043,722
12,1,0.6938775510204082,0.4064242657886772,0.3443467324005744,0.35770214978924064,784
12,2,0.6945337620578779,0.38177272942643875,0.35930601694588055,0.34529358803529764,622
12,3,0.6626065773447016,0.5045795117285674,0.5336656450722302,0.45011071452029405,1642
