round,client_id,accuracy,macro_precision,macro_recall,macro_f1,num_samples
7,0,0.7770083102493075,0.4026111968211563,0.377791900814029,0.3517732903257684,722
7,1,0.6977040816326531,0.4108335798895155,0.39996581103230966,0.36433238048056316,784
7,2,0.7122186495176849,0.4047947859582209,0.3827177688904059,0.36852658314431475,622
7,3,0.643727161997564,0.45521808013815185,0.47920240530984637,0.4319259805276509,1642
