client_id,num_samples,kl_to_global,class_0,class_1,class_2,class_3,class_4,class_5,class_6,class_7,class_8,class_9,class_10,class_11,class_12,class_13,class_14,class_15,class_16,class_17,class_18,class_19,prop_0,prop_1,prop_2,prop_3,prop_4,prop_5,prop_6,prop_7,prop_8,prop_9,prop_10,prop_11,prop_12,prop_13,prop_14,prop_15,prop_16,prop_17,prop_18,prop_19,dirichlet_alpha
0,10153,0.292106649289889,2,9,788,382,770,786,768,792,0,0,798,471,787,792,790,798,719,245,449,7,0.00019698611247907023,0.0008864375061558161,0.07761252831675367,0.037624347483502414,0.07583965330444203,0.0774155422042746,0.07564266719196297,0.0780065005417118,0.0,0.0,0.07859745887914903,0.04639022948882104,0.07751403526051413,0.0780065005417118,0.07780951442923274,0.07859745887914903,0.07081650743622575,0.024130798778686104,0.044223382251551265,0.0006894513936767458,0.1
1,4923,0.8927842338214095,637,769,0,404,0,4,12,0,797,795,1,322,0,0,0,0,9,507,171,495,0.12939264676010562,0.15620556571196426,0.0,0.0820637822465976,0.0,0.0008125126955108674,0.002437538086532602,0.0,0.16189315458054032,0.1614868982327849,0.00020312817387771684,0.06540727198862482,0.0,0.0,0.0,0.0,0.0018281535648994515,0.10298598415600244,0.03473491773308958,0.10054844606946983,0.1
