round,client_id,epoch,num_samples,class_0,class_1,class_2,class_3,class_4,class_5,class_6,class_7,class_8,class_9,class_10,class_11,class_12,class_13,class_14,class_15,class_16,class_17,class_18,class_19,prop_0,prop_1,prop_2,prop_3,prop_4,prop_5,prop_6,prop_7,prop_8,prop_9,prop_10,prop_11,prop_12,prop_13,prop_14,prop_15,prop_16,prop_17,prop_18,prop_19
5,1,1,4923,637,769,0,404,0,4,12,0,797,795,1,322,0,0,0,0,9,507,171,495,0.12939264676010562,0.15620556571196426,0.0,0.0820637822465976,0.0,0.0008125126955108674,0.002437538086532602,0.0,0.16189315458054032,0.1614868982327849,0.00020312817387771684,0.06540727198862482,0.0,0.0,0.0,0.0,0.0018281535648994515,0.10298598415600244,0.03473491773308958,0.10054844606946983
