round,client_id,epoch,num_samples,class_0,class_1,class_2,class_3,class_4,class_5,class_6,class_7,class_8,class_9,class_10,class_11,class_12,class_13,class_14,class_15,class_16,class_17,class_18,class_19,prop_0,prop_1,prop_2,prop_3,prop_4,prop_5,prop_6,prop_7,prop_8,prop_9,prop_10,prop_11,prop_12,prop_13,prop_14,prop_15,prop_16,prop_17,prop_18,prop_19
5,0,1,10153,2,9,788,382,770,786,768,792,0,0,798,471,787,792,790,798,719,245,449,7,0.00019698611247907023,0.0008864375061558161,0.07761252831675367,0.037624347483502414,0.07583965330444203,0.0774155422042746,0.07564266719196297,0.0780065005417118,0.0,0.0,0.07859745887914903,0.04639022948882104,0.07751403526051413,0.0780065005417118,0.07780951442923274,0.07859745887914903,0.07081650743622575,0.024130798778686104,0.044223382251551265,0.0006894513936767458
