round,client_id,accuracy,macro_precision,macro_recall,macro_f1,num_samples
12,0,0.691085003455425,0.4089146242931531,0.41806621171178593,0.368431126993473,1447
12,1,0.7541971588463194,0.584177081147992,0.5080083934234892,0.524550755347375,2323
