round,client_id,accuracy,macro_precision,macro_recall,macro_f1,num_samples
17,0,0.7028334485141673,0.390733677054671,0.42536339790283506,0.3572751178042731,1447
17,1,0.7610848041325872,0.5823094852597656,0.5145790946492574,0.534063495281406,2323
