round,client_id,accuracy,macro_precision,macro_recall,macro_f1,num_samples
5,0,0.6371803731859018,0.3896162751187192,0.3956264444402046,0.3355572568718025,1447
5,1,0.7619457597933706,0.6269817190098318,0.5935876905411913,0.5688055884420707,2323
