round,client_id,accuracy,macro_precision,macro_recall,macro_f1,num_samples
9,0,0.6510020732550104,0.3949083768534587,0.401431889888766,0.34295116430439554,1447
9,1,0.7619457597933706,0.6053796112286678,0.5423423928549282,0.5538216639647764,2323
