round,client_id,accuracy,macro_precision,macro_recall,macro_f1,num_samples
20,0,0.7083621285418107,0.4119312170462489,0.42930128873817164,0.37836801407413734,1447
20,1,0.7589324149806285,0.5758151661094102,0.5127863958708327,0.5330712474037945,2323
