round,client_id,accuracy,macro_precision,macro_recall,macro_f1,num_samples
22,0,0.7090532135452661,0.40189987115099485,0.4332645236291001,0.37540730868235983,1447
22,1,0.7649591046061128,0.5734811779526062,0.5224146432778234,0.5414874920261907,2323
