round,client_id,accuracy,macro_precision,macro_recall,macro_f1,num_samples
16,0,0.6751900483759502,0.4080464792420628,0.4122721160066559,0.3600222178374778,1447
16,1,0.7615152819629789,0.6074882756820982,0.543477610091212,0.5636754359905178,2323
