round,client_id,accuracy,macro_precision,macro_recall,macro_f1,num_samples
6,0,0.6212854181064271,0.39828080690096346,0.390305642685546,0.33648547919268673,1447
6,1,0.7481704692208351,0.6205911028443957,0.5859954171145001,0.5569282494450638,2323
