round,client_id,accuracy,macro_precision,macro_recall,macro_f1,num_samples
3,0,0.5715272978576365,0.3732886530794203,0.36578205185921053,0.28479077234590666,1447
3,1,0.7331037451571244,0.6092349312318069,0.5170717637604771,0.5266926129547111,2323
