round,client_id,accuracy,macro_precision,macro_recall,macro_f1,num_samples
14,0,0.6772633033863165,0.37816388538877777,0.41031511143906885,0.34035570954143124,1447
14,1,0.7494619027120103,0.5692033079613169,0.5067502921267667,0.5191560217917404,2323
