round,client_id,accuracy,macro_precision,macro_recall,macro_f1,num_samples
7,0,0.6627505183137526,0.40419764521323387,0.40603074833707814,0.35728259463370116,1447
7,1,0.745157124408093,0.5945918639186377,0.5062636521701152,0.5263590260864361,2323
