round,client_id,accuracy,macro_precision,macro_recall,macro_f1,num_samples
15,0,0.65860400829302,0.40274497417943966,0.40025214359115296,0.3440645471337683,1447
15,1,0.7464485578992682,0.5949234415797626,0.5324056406244626,0.544746663926057,2323
