round,client_id,accuracy,macro_precision,macro_recall,macro_f1,num_samples
19,0,0.6848652384243262,0.4117684661624321,0.42032932498384623,0.3691813577716446,1447
19,1,0.7619457597933706,0.5734903961964822,0.5130588099864632,0.5272770130577212,2323
