round,client_id,accuracy,macro_precision,macro_recall,macro_f1,num_samples
1,0,0.5362819626814098,0.29055799918782854,0.38674754765698033,0.3010036996316051,1447
1,1,0.6151528196297891,0.4407009674150583,0.4416142973705862,0.43766725007545343,2323
