round,client_id,accuracy,macro_precision,macro_recall,macro_f1,num_samples
11,0,0.677954388389772,0.3950784437300541,0.41019544896079135,0.35037082062566216,1447
11,1,0.7343951786482996,0.5820913330288835,0.5505967935798219,0.5233234027861642,2323
