round,client_id,accuracy,macro_precision,macro_recall,macro_f1,num_samples
21,0,0.6807187284035936,0.40056567795385156,0.40984173869940105,0.36002881592280433,1447
21,1,0.7507533362031855,0.5726580454879726,0.5081926795744057,0.5269960966462668,2323
