round,client_id,accuracy,macro_precision,macro_recall,macro_f1,num_samples
18,0,0.65860400829302,0.4003993212520259,0.4036446332399957,0.34681897208865514,1447
18,1,0.7688334050796384,0.6117232336600154,0.544664934804611,0.5657203877141657,2323
