round,client_id,accuracy,macro_precision,macro_recall,macro_f1,num_samples
4,0,0.6302695231513477,0.3883047312039605,0.3947102995283614,0.331973887685706,1447
4,1,0.7404218682737839,0.6106455657581003,0.5228606580544939,0.53540792832291,2323
