round,client_id,accuracy,macro_precision,macro_recall,macro_f1,num_samples
2,0,0.55286800276434,0.30894447443250866,0.37752018236119655,0.2940416484607113,1447
2,1,0.6676711149375807,0.5524881670275232,0.47595044761059957,0.48394642872464716,2323
