round,client_id,accuracy,macro_precision,macro_recall,macro_f1,num_samples
13,0,0.6966136834830684,0.4034352166787879,0.41941627271156057,0.3708513723835039,1447
13,1,0.7554885923374947,0.5784557789358957,0.5105095282275269,0.532498759745942,2323
