round,client_id,accuracy,macro_precision,macro_recall,macro_f1,num_samples
10,0,0.6627505183137526,0.40783775684230805,0.4075764241645031,0.35636945156788596,1447
10,1,0.7748600947051227,0.6213131660060751,0.6016510193255098,0.5756288386629292,2323
