round,client_id,accuracy,macro_precision,macro_recall,macro_f1,num_samples
8,0,0.6510020732550104,0.3976611572476215,0.40255405837462205,0.34226343677649496,1447
8,1,0.7735686612139475,0.6328378323643392,0.6052124642818973,0.581091056944746,2323
