round,client_id,epoch,num_samples,class_0,class_1,class_2,class_3,class_4,class_5,class_6,class_7,class_8,class_9,class_10,class_11,class_12,class_13,class_14,class_15,class_16,class_17,class_18,class_19,prop_0,prop_1,prop_2,prop_3,prop_4,prop_5,prop_6,prop_7,prop_8,prop_9,prop_10,prop_11,prop_12,prop_13,prop_14,prop_15,prop_16,prop_17,prop_18,prop_19
18,4,1,1779,0,0,0,0,57,219,0,0,512,658,254,23,0,10,1,0,0,1,39,5,0.0,0.0,0.0,0.0,0.03204047217537943,0.12310286677908938,0.0,0.0,0.28780213603147836,0.3698707138842046,0.1427768409218662,0.012928611579539067,0.0,0.005621135469364812,0.0005621135469364812,0.0,0.0,0.0005621135469364812,0.021922428330522766,0.002810567734682406
