round,client_id,epoch,num_samples,class_0,class_1,class_2,class_3,class_4,class_5,class_6,class_7,class_8,class_9,class_10,class_11,class_12,class_13,class_14,class_15,class_16,class_17,class_18,class_19,prop_0,prop_1,prop_2,prop_3,prop_4,prop_5,prop_6,prop_7,prop_8,prop_9,prop_10,prop_11,prop_12,prop_13,prop_14,prop_15,prop_16,prop_17,prop_18,prop_19
22,5,1,1046,0,0,0,430,1,5,0,10,36,0,0,0,0,0,0,0,553,11,0,0,0.0,0.0,0.0,0.4110898661567878,0.0009560229445506692,0.004780114722753346,0.0,0.009560229445506692,0.03441682600382409,0.0,0.0,0.0,0.0,0.0,0.0,0.0,0.52868068833652,0.010516252390057362,0.0,0.0
