round,client_id,epoch,num_samples,class_0,class_1,class_2,class_3,class_4,class_5,class_6,class_7,class_8,class_9,class_10,class_11,class_12,class_13,class_14,class_15,class_16,class_17,class_18,class_19,prop_0,prop_1,prop_2,prop_3,prop_4,prop_5,prop_6,prop_7,prop_8,prop_9,prop_10,prop_11,prop_12,prop_13,prop_14,prop_15,prop_16,prop_17,prop_18,prop_19
12,1,1,2538,0,545,58,0,91,21,0,169,0,113,0,489,0,219,740,0,27,17,5,44,0.0,0.21473601260835304,0.022852639873916468,0.0,0.035855003940110326,0.008274231678486997,0.0,0.06658786446020488,0.0,0.04452324665090623,0.0,0.19267139479905437,0.0,0.08628841607565012,0.2915681639085894,0.0,0.010638297872340425,0.006698187549251379,0.001970055161544523,0.017336485421591805
