round,client_id,epoch,num_samples,class_0,class_1,class_2,class_3,class_4,class_5,class_6,class_7,class_8,class_9,class_10,class_11,class_12,class_13,class_14,class_15,class_16,class_17,class_18,class_19,prop_0,prop_1,prop_2,prop_3,prop_4,prop_5,prop_6,prop_7,prop_8,prop_9,prop_10,prop_11,prop_12,prop_13,prop_14,prop_15,prop_16,prop_17,prop_18,prop_19
19,2,1,1834,639,0,141,0,600,404,0,0,0,0,0,1,37,0,7,5,0,0,0,0,0.3484187568157034,0.0,0.07688113413304253,0.0,0.3271537622682661,0.2202835332606325,0.0,0.0,0.0,0.0,0.0,0.0005452562704471102,0.020174482006543076,0.0,0.003816793893129771,0.0027262813522355507,0.0,0.0,0.0,0.0
