round,client_id,epoch,num_samples,class_0,class_1,class_2,class_3,class_4,class_5,class_6,class_7,class_8,class_9,class_10,class_11,class_12,class_13,class_14,class_15,class_16,class_17,class_18,class_19,prop_0,prop_1,prop_2,prop_3,prop_4,prop_5,prop_6,prop_7,prop_8,prop_9,prop_10,prop_11,prop_12,prop_13,prop_14,prop_15,prop_16,prop_17,prop_18,prop_19
3,3,1,1670,0,206,31,69,1,0,0,525,4,0,177,203,9,24,0,0,0,421,0,0,0.0,0.12335329341317365,0.018562874251497007,0.04131736526946108,0.0005988023952095808,0.0,0.0,0.3143712574850299,0.0023952095808383233,0.0,0.1059880239520958,0.12155688622754492,0.005389221556886228,0.01437125748502994,0.0,0.0,0.0,0.25209580838323353,0.0,0.0
