round,client_id,epoch,num_samples,class_0,class_1,class_2,class_3,class_4,class_5,class_6,class_7,class_8,class_9,class_10,class_11,class_12,class_13,class_14,class_15,class_16,class_17,class_18,class_19,prop_0,prop_1,prop_2,prop_3,prop_4,prop_5,prop_6,prop_7,prop_8,prop_9,prop_10,prop_11,prop_12,prop_13,prop_14,prop_15,prop_16,prop_17,prop_18,prop_19
1,8,1,1974,0,1,0,272,3,138,580,0,0,24,0,0,741,3,42,15,140,0,3,12,0.0,0.0005065856129685917,0.0,0.13779128672745694,0.001519756838905775,0.06990881458966565,0.2938196555217832,0.0,0.0,0.0121580547112462,0.0,0.0,0.37537993920972645,0.001519756838905775,0.02127659574468085,0.007598784194528876,0.07092198581560284,0.0,0.001519756838905775,0.0060790273556231
