round,client_id,epoch,num_samples,class_0,class_1,class_2,class_3,class_4,class_5,class_6,class_7,class_8,class_9,class_10,class_11,class_12,class_13,class_14,class_15,class_16,class_17,class_18,class_19,prop_0,prop_1,prop_2,prop_3,prop_4,prop_5,prop_6,prop_7,prop_8,prop_9,prop_10,prop_11,prop_12,prop_13,prop_14,prop_15,prop_16,prop_17,prop_18,prop_19
7,7,1,611,0,10,0,15,16,0,0,88,0,0,0,29,0,138,0,24,3,287,1,0,0.0,0.016366612111292964,0.0,0.024549918166939442,0.02618657937806874,0.0,0.0,0.14402618657937807,0.0,0.0,0.0,0.04746317512274959,0.0,0.22585924713584288,0.0,0.03927986906710311,0.004909983633387889,0.469721767594108,0.0016366612111292963,0.0
