round,client_id,epoch,num_samples,class_0,class_1,class_2,class_3,class_4,class_5,class_6,class_7,class_8,class_9,class_10,class_11,class_12,class_13,class_14,class_15,class_16,class_17,class_18,class_19,prop_0,prop_1,prop_2,prop_3,prop_4,prop_5,prop_6,prop_7,prop_8,prop_9,prop_10,prop_11,prop_12,prop_13,prop_14,prop_15,prop_16,prop_17,prop_18,prop_19
1,0,1,1293,0,16,8,0,0,3,200,0,16,0,21,38,0,99,0,519,0,0,10,363,0.0,0.01237432327919567,0.006187161639597835,0.0,0.0,0.002320185614849188,0.15467904098994587,0.0,0.01237432327919567,0.0,0.016241299303944315,0.029389017788089715,0.0,0.0765661252900232,0.0,0.4013921113689095,0.0,0.0,0.007733952049497293,0.28074245939675174
