round,client_id,epoch,num_samples,class_0,class_1,class_2,class_3,class_4,class_5,class_6,class_7,class_8,class_9,class_10,class_11,class_12,class_13,class_14,class_15,class_16,class_17,class_18,class_19,prop_0,prop_1,prop_2,prop_3,prop_4,prop_5,prop_6,prop_7,prop_8,prop_9,prop_10,prop_11,prop_12,prop_13,prop_14,prop_15,prop_16,prop_17,prop_18,prop_19
6,9,1,718,0,0,1,0,1,0,0,0,0,0,347,10,0,0,0,233,0,15,33,78,0.0,0.0,0.001392757660167131,0.0,0.001392757660167131,0.0,0.0,0.0,0.0,0.0,0.4832869080779944,0.013927576601671309,0.0,0.0,0.0,0.3245125348189415,0.0,0.020891364902506964,0.04596100278551532,0.10863509749303621
