{
  "round_times_sec": [
    998.1657538414001,
    937.5496461391449
  ],
  "total_time_sec": 1935.715402841568,
  "num_rounds": 2,
  "num_clients": 5
}