round,train_loss,val_loss,test_loss,rouge1,rouge2,rougeL,bleu1,bleu2,bleu3,bleu4,gini_coefficient,mean_contribution,min_contribution,max_contribution,cv_contribution,num_samples
1,1.9036015779378426,1.6617992674605175,,39.195437379914964,18.732167745806073,27.920560709044036,31.80315296230274,21.613248251444425,15.667990176849386,11.832105265028051,0.0,0.2068703965413122,0.0004411116012351125,1.0,0.0,5000
2,1.3877756657127387,1.61097085776479,1.6472922381900605,44.56765958727468,23.28077908641975,30.050498954603263,35.54415063833535,25.004331257000594,18.763500679674998,13.55642836314247,0.0,0.2068703965413122,0.0004411116012351125,1.0,0.0,5000
