{
  "train_loss": [
    1.9036015779378426,
    1.3877756657127387
  ],
  "val_loss": [
    1.6617992674605175,
    1.61097085776479
  ],
  "test_loss": [
    null,
    1.6472922381900605
  ],
  "rouge1": [
    39.195437379914964,
    44.56765958727468
  ],
  "rouge2": [
    18.732167745806073,
    23.28077908641975
  ],
  "rougeL": [
    27.920560709044036,
    30.050498954603263
  ],
  "bleu1": [
    31.80315296230274,
    35.54415063833535
  ],
  "bleu2": [
    21.613248251444425,
    25.004331257000594
  ],
  "bleu3": [
    15.667990176849386,
    18.763500679674998
  ],
  "bleu4": [
    11.832105265028051,
    13.55642836314247
  ],
  "gini_coefficient": [
    0.0,
    0.0
  ],
  "mean_contribution": [
    0.2068703965413122,
    0.2068703965413122
  ],
  "min_contribution": [
    0.0004411116012351125,
    0.0004411116012351125
  ],
  "max_contribution": [
    1.0,
    1.0
  ],
  "cv_contribution": [
    0.0,
    0.0
  ],
  "num_samples": [
    5000,
    5000
  ]
}