{
  "best_round": 2,
  "best_rouge1": 43.134870506744576,
  "best_rouge2": 18.73387646400376,
  "best_rougeL": 28.603853848085354,
  "best_bleu1": 30.323821731730455,
  "best_bleu4": 11.558919530632046,
  "best_train_loss": 1.3082983084022999,
  "best_val_loss": 1.5376211409200642,
  "best_gini_coefficient": 0.0,
  "best_mean_contribution": 0.25534860775770696,
  "best_min_contribution": 0.0002835270768358378,
  "best_max_contribution": 1.0,
  "best_cv_contribution": 0.0,
  "best_num_samples": 5000.0
}