{
  "round_times_sec": [
    797.8141314983368,
    1142.5484380722046,
    796.3803908824921,
    792.9221138954163,
    1136.4335582256317
  ],
  "total_time_sec": 4666.098636388779,
  "num_rounds": 5,
  "num_clients": 4
}