{
  "train_loss": [
    2.3863913308490403,
    1.3082983084022999,
    1.0150107876820997,
    1.231645416129719,
    1.5113201469903992
  ],
  "val_loss": [
    1.7473400225631508,
    1.5376211409200642,
    1.5605752807051798,
    1.5736910320529696,
    1.5736911156830744
  ],
  "test_loss": [
    null,
    null,
    null,
    null,
    1.7732664332678025
  ],
  "rouge1": [
    42.88114587529659,
    43.134870506744576,
    42.97848545008848,
    43.05947030362573,
    43.08318170053884
  ],
  "rouge2": [
    20.13263089439709,
    18.73387646400376,
    18.471887974700206,
    18.626895566371203,
    18.616147681735196
  ],
  "rougeL": [
    28.46711787509283,
    28.603853848085354,
    28.059455363121256,
    28.454981418056587,
    28.4021814106886
  ],
  "bleu1": [
    29.326064305889247,
    30.323821731730455,
    30.170751352997833,
    30.236547902286134,
    30.236101113352863
  ],
  "bleu2": [
    19.54746843284527,
    20.17475372139969,
    19.98139515403548,
    20.070395339298244,
    20.07014715277367
  ],
  "bleu3": [
    14.905049830717974,
    14.993544245970634,
    14.779107206420052,
    14.875146957861393,
    14.875024404470555
  ],
  "bleu4": [
    11.688993788213857,
    11.558919530632046,
    11.33434173753192,
    11.444459431773392,
    11.444387930322176
  ],
  "gini_coefficient": [
    0.0,
    0.0,
    0.0,
    0.0,
    0.0
  ],
  "mean_contribution": [
    0.25534860775770696,
    0.25534860775770696,
    0.25534860775770696,
    0.25534860775770696,
    0.25534860775770696
  ],
  "min_contribution": [
    0.0002835270768358378,
    0.0002835270768358378,
    0.0002835270768358378,
    0.0002835270768358378,
    0.0002835270768358378
  ],
  "max_contribution": [
    1.0,
    1.0,
    1.0,
    1.0,
    1.0
  ],
  "cv_contribution": [
    0.0,
    0.0,
    0.0,
    0.0,
    0.0
  ],
  "num_samples": [
    5000,
    5000,
    5000,
    5000,
    5000
  ]
}