{
  "global_metrics": {
    "1": {
      "phase": "evaluation",
      "gini_coefficient": 0.002216826599495038,
      "mean_contribution": 90.3606948852539,
      "min_contribution": 89.89783477783203,
      "max_contribution": 90.79924774169922,
      "cv_contribution": 0.004077010148168599,
      "bleu1": 0.37618816826737617,
      "bleu2": 0.24912744810034776,
      "bleu3": 0.18696477826606636,
      "bleu4": 0.14411159762969644,
      "meteor": 0.0,
      "rouge1_f1": 0.41443584655946036,
      "rouge2_f1": 0.19097363439629375,
      "rougeL_f1": 0.2876735173261131,
      "loss": 1.8492816466729618
    },
    "2": {
      "phase": "evaluation",
      "gini_coefficient": 0.0084818407418921,
      "mean_contribution": 76.9973856608073,
      "min_contribution": 75.99201202392578,
      "max_contribution": 78.93087005615234,
      "cv_contribution": 0.017760911329269935,
      "bleu1": 0.3845783181939347,
      "bleu2": 0.25469928212898724,
      "bleu3": 0.1905111915237534,
      "bleu4": 0.1462141095318005,
      "meteor": 0.0,
      "rouge1_f1": 0.41688771583198014,
      "rouge2_f1": 0.19233048665656458,
      "rougeL_f1": 0.2918768544049476,
      "loss": 1.7987692969516642
    },
    "3": {
      "phase": "evaluation",
      "gini_coefficient": 0.011583666593196835,
      "mean_contribution": 69.77156829833984,
      "min_contribution": 67.74820709228516,
      "max_contribution": 71.3851547241211,
      "cv_contribution": 0.021681987788409414,
      "bleu1": 0.37998403512273,
      "bleu2": 0.2526139131075445,
      "bleu3": 0.1902921769450105,
      "bleu4": 0.14699678045335837,
      "meteor": 0.0,
      "rouge1_f1": 0.4202034868969773,
      "rouge2_f1": 0.1963242153049131,
      "rougeL_f1": 0.2938872083236327,
      "loss": 1.7903499366010276
    },
    "4": {
      "phase": "evaluation",
      "gini_coefficient": 0.024651786374010255,
      "mean_contribution": 67.34494527180989,
      "min_contribution": 64.29859924316406,
      "max_contribution": 71.76937866210938,
      "cv_contribution": 0.04754358754764896,
      "bleu1": 0.3861536269640967,
      "bleu2": 0.25697241097631146,
      "bleu3": 0.1930490472894434,
      "bleu4": 0.14869310930487187,
      "meteor": 0.0,
      "rouge1_f1": 0.41967715844791764,
      "rouge2_f1": 0.19528815114092282,
      "rougeL_f1": 0.2938017022908399,
      "loss": 1.779239900482511
    },
    "5": {
      "phase": "evaluation",
      "gini_coefficient": 0.03080319829586753,
      "mean_contribution": 66.20382944742839,
      "min_contribution": 61.156761169433594,
      "max_contribution": 70.33356475830078,
      "cv_contribution": 0.057431019384930365,
      "bleu1": 0.38246564094543606,
      "bleu2": 0.2558869831126471,
      "bleu3": 0.19276051105357375,
      "bleu4": 0.14902732874847507,
      "meteor": 0.0,
      "rouge1_f1": 0.42275556121223407,
      "rouge2_f1": 0.1982904802447777,
      "rougeL_f1": 0.2962672079008441,
      "loss": 1.7757357139031864
    }
  },
  "client_metrics": {
    "3": {
      "1": {
        "client_id": 3,
        "epoch": 1,
        "phase": "train",
        "loss": 2.226381567711716
      },
      "3": {
        "client_id": 3,
        "epoch": 1,
        "phase": "train",
        "loss": 2.01228102957363
      },
      "4": {
        "client_id": 3,
        "epoch": 1,
        "phase": "train",
        "loss": 1.9289623455436742
      }
    },
    "5": {
      "1": {
        "client_id": 5,
        "epoch": 1,
        "phase": "train",
        "loss": 2.2244608771482453
      },
      "2": {
        "client_id": 5,
        "epoch": 1,
        "phase": "train",
        "loss": 2.04019723602129
      }
    },
    "2": {
      "1": {
        "client_id": 2,
        "epoch": 1,
        "phase": "train",
        "loss": 2.22682880213648
      },
      "2": {
        "client_id": 2,
        "epoch": 1,
        "phase": "train",
        "loss": 2.0418595892192095
      },
      "3": {
        "client_id": 2,
        "epoch": 1,
        "phase": "train",
        "loss": 1.9487654666861574
      },
      "4": {
        "client_id": 2,
        "epoch": 1,
        "phase": "train",
        "loss": 1.8773717938842238
      },
      "5": {
        "client_id": 2,
        "epoch": 1,
        "phase": "train",
        "loss": 1.8150279649126615
      }
    },
    "1": {
      "2": {
        "client_id": 1,
        "epoch": 1,
        "phase": "train",
        "loss": 2.1003730164091325
      },
      "3": {
        "client_id": 1,
        "epoch": 1,
        "phase": "train",
        "loss": 1.9959865360434859
      }
    },
    "0": {
      "4": {
        "client_id": 0,
        "epoch": 1,
        "phase": "train",
        "loss": 2.043100905911227
      },
      "5": {
        "client_id": 0,
        "epoch": 1,
        "phase": "train",
        "loss": 1.9577795650443868
      }
    },
    "4": {
      "5": {
        "client_id": 4,
        "epoch": 1,
        "phase": "train",
        "loss": 2.025472403758447
      }
    }
  },
  "system_metrics": {
    "1754901317.9371643": {
      "cpu_percent": 13.7,
      "memory_rss_mb": 661.48828125,
      "memory_percent": 0.5147253937698959,
      "elapsed_time_seconds": 0.0005521774291992188
    },
    "1754904303.5797377": {
      "cpu_percent": 16.4,
      "memory_rss_mb": 5842.140625,
      "memory_percent": 4.545958286637797,
      "elapsed_time_seconds": 2985.6431226730347
    },
    "1754907142.545541": {
      "cpu_percent": 17.1,
      "memory_rss_mb": 5844.25390625,
      "memory_percent": 4.547602699024812,
      "elapsed_time_seconds": 5824.608927488327
    },
    "1754909978.0379612": {
      "cpu_percent": 16.0,
      "memory_rss_mb": 5844.265625,
      "memory_percent": 4.547611817762633,
      "elapsed_time_seconds": 8660.101347208023
    },
    "1754912814.0023122": {
      "cpu_percent": 13.9,
      "memory_rss_mb": 5844.39453125,
      "memory_percent": 4.547712123878661,
      "elapsed_time_seconds": 11496.065697193146
    }
  },
  "timestamp": "2025-08-11T19:34:34.365027",
  "experiment_name": "fed_distilbart_cnndm",
  "num_clients": 7
}