{
  "total_contributions": {
    "0": 79.04115295410156,
    "1": 257.82814025878906,
    "2": 154.9478530883789,
    "3": 161.5271987915039,
    "4": 179.31227111816406
  },
  "avg_contributions": {
    "0": 79.04115295410156,
    "1": 85.94271341959636,
    "2": 77.47392654418945,
    "3": 80.76359939575195,
    "4": 89.65613555908203
  },
  "participation": {
    "4": 2,
    "1": 3,
    "3": 2,
    "2": 2,
    "0": 1
  },
  "inequality": {
    "gini": 0.18347942486889623,
    "cv": 0.34298526157323506,
    "mean_contribution": 166.5313232421875,
    "min_contribution": 79.04115295410156,
    "max_contribution": 257.82814025878906
  },
  "total_rounds": 5
}