{
  "round_times_sec": [
    1143.7465937137604,
    1146.8096010684967
  ],
  "total_time_sec": 2290.5561978816986,
  "num_rounds": 2,
  "num_clients": 3
}