{
  "train_loss": [
    2.2290039516286173,
    1.544906081515526
  ],
  "val_loss": [
    1.5523307031827376,
    1.5512830881736395
  ],
  "test_loss": [
    null,
    1.59536948689708
  ],
  "rouge1": [
    43.41517191800819,
    43.428941745546524
  ],
  "rouge2": [
    21.12537945302235,
    21.12175617987335
  ],
  "rougeL": [
    30.662348347225016,
    30.657242705736945
  ],
  "bleu1": [
    34.09601061416824,
    34.12898193769531
  ],
  "bleu2": [
    23.14734928307819,
    23.16518678114061
  ],
  "bleu3": [
    17.576514603233537,
    17.591171980663265
  ],
  "bleu4": [
    13.642968588194483,
    13.654875888352633
  ],
  "gini_coefficient": [
    0.0,
    0.0
  ],
  "mean_contribution": [
    0.013095912868981902,
    0.013095912868981902
  ],
  "min_contribution": [
    0.0003456619426201175,
    0.0003456619426201175
  ],
  "max_contribution": [
    0.038461538461538464,
    0.038461538461538464
  ],
  "cv_contribution": [
    0.0,
    0.0
  ],
  "num_samples": [
    5000,
    5000
  ]
}