round,train_loss,val_loss,test_loss,rouge1,rouge2,rougeL,bleu1,bleu2,bleu3,bleu4,gini_coefficient,mean_contribution,min_contribution,max_contribution,cv_contribution,num_samples
1,2.2290039516286173,1.5523307031827376,,43.41517191800819,21.12537945302235,30.662348347225016,34.09601061416824,23.14734928307819,17.576514603233537,13.642968588194483,0.0,0.013095912868981902,0.0003456619426201175,0.038461538461538464,0.0,5000
2,1.544906081515526,1.5512830881736395,1.59536948689708,43.428941745546524,21.12175617987335,30.657242705736945,34.12898193769531,23.16518678114061,17.591171980663265,13.654875888352633,0.0,0.013095912868981902,0.0003456619426201175,0.038461538461538464,0.0,5000
