client_id,train_size,train_prop,test_size,test_prop
0,10153,0.6734544972141151,1447,0.38381962864721486
1,4923,0.32654550278588484,2323,0.6161803713527851
