client_id,num_samples,kl_to_global,class_0,class_1,class_2,class_3,class_4,class_5,class_6,class_7,class_8,class_9,class_10,class_11,class_12,class_13,class_14,class_15,class_16,class_17,class_18,class_19,prop_0,prop_1,prop_2,prop_3,prop_4,prop_5,prop_6,prop_7,prop_8,prop_9,prop_10,prop_11,prop_12,prop_13,prop_14,prop_15,prop_16,prop_17,prop_18,prop_19,dirichlet_alpha
0,6327,0.5509799294313457,0,0,8,0,728,790,332,181,0,690,799,711,503,269,789,0,216,243,68,0,0.0,0.0,0.001264422317053896,0.0,0.11506243085190454,0.12486170380907223,0.052473526157736684,0.028607554923344398,0.0,0.10905642484589853,0.12628417891575786,0.112375533428165,0.0795005531847637,0.042516200410937253,0.12470365101944049,0.0,0.034139402560455195,0.03840682788051209,0.010747589694958115,0.0,0.1
1,3898,0.9444632969266913,0,3,780,0,42,0,14,343,792,104,0,82,28,403,1,775,2,502,26,1,0.0,0.0007696254489481786,0.20010261672652643,0.0,0.0107747562852745,0.0,0.0035915854284248334,0.08799384299640842,0.20318111852231913,0.02668034889687019,0.0,0.02103642893791688,0.007183170856849667,0.10338635197537198,0.0002565418163160595,0.19881990764494611,0.000513083632632119,0.12878399179066188,0.006670087224217547,0.0002565418163160595,0.1
2,4851,0.8294230887147853,639,775,0,786,0,0,434,268,5,1,0,0,256,120,0,23,510,7,526,501,0.13172541743970315,0.15976087404658834,0.0,0.16202844774273345,0.0,0.0,0.08946608946608947,0.05524634096062667,0.0010307153164296021,0.00020614306328592042,0.0,0.0,0.05277262420119563,0.024737167594310452,0.0,0.00474129045557617,0.10513296227581942,0.001443001443001443,0.10843125128839415,0.10327767470624613,0.1
