round,client_id,epoch,num_samples,class_0,class_1,class_2,class_3,class_4,class_5,class_6,class_7,class_8,class_9,class_10,class_11,class_12,class_13,class_14,class_15,class_16,class_17,class_18,class_19,prop_0,prop_1,prop_2,prop_3,prop_4,prop_5,prop_6,prop_7,prop_8,prop_9,prop_10,prop_11,prop_12,prop_13,prop_14,prop_15,prop_16,prop_17,prop_18,prop_19
4,2,1,4851,639,775,0,786,0,0,434,268,5,1,0,0,256,120,0,23,510,7,526,501,0.13172541743970315,0.15976087404658834,0.0,0.16202844774273345,0.0,0.0,0.08946608946608947,0.05524634096062667,0.0010307153164296021,0.00020614306328592042,0.0,0.0,0.05277262420119563,0.024737167594310452,0.0,0.00474129045557617,0.10513296227581942,0.001443001443001443,0.10843125128839415,0.10327767470624613
