round,client_id,epoch,num_samples,class_0,class_1,class_2,class_3,class_4,class_5,class_6,class_7,class_8,class_9,class_10,class_11,class_12,class_13,class_14,class_15,class_16,class_17,class_18,class_19,prop_0,prop_1,prop_2,prop_3,prop_4,prop_5,prop_6,prop_7,prop_8,prop_9,prop_10,prop_11,prop_12,prop_13,prop_14,prop_15,prop_16,prop_17,prop_18,prop_19
8,1,1,3898,0,3,780,0,42,0,14,343,792,104,0,82,28,403,1,775,2,502,26,1,0.0,0.0007696254489481786,0.20010261672652643,0.0,0.0107747562852745,0.0,0.0035915854284248334,0.08799384299640842,0.20318111852231913,0.02668034889687019,0.0,0.02103642893791688,0.007183170856849667,0.10338635197537198,0.0002565418163160595,0.19881990764494611,0.000513083632632119,0.12878399179066188,0.006670087224217547,0.0002565418163160595
