round,client_id,epoch,num_samples,class_0,class_1,class_2,class_3,class_4,class_5,class_6,class_7,class_8,class_9,class_10,class_11,class_12,class_13,class_14,class_15,class_16,class_17,class_18,class_19,prop_0,prop_1,prop_2,prop_3,prop_4,prop_5,prop_6,prop_7,prop_8,prop_9,prop_10,prop_11,prop_12,prop_13,prop_14,prop_15,prop_16,prop_17,prop_18,prop_19
6,0,1,6327,0,0,8,0,728,790,332,181,0,690,799,711,503,269,789,0,216,243,68,0,0.0,0.0,0.001264422317053896,0.0,0.11506243085190454,0.12486170380907223,0.052473526157736684,0.028607554923344398,0.0,0.10905642484589853,0.12628417891575786,0.112375533428165,0.0795005531847637,0.042516200410937253,0.12470365101944049,0.0,0.034139402560455195,0.03840682788051209,0.010747589694958115,0.0
