round,client_id,accuracy,macro_precision,macro_recall,macro_f1,num_samples
10,0,0.7492029755579172,0.4137548552972044,0.38649704151169206,0.37700549569427905,941
10,1,0.7777136258660509,0.5564104097629434,0.6111624752494673,0.5383148727404284,1732
10,2,0.6226071103008204,0.42479755978815065,0.47316742286102526,0.37565936765764246,1097
