round,client_id,accuracy,macro_precision,macro_recall,macro_f1,num_samples
18,0,0.7768331562167906,0.41918099505150125,0.39658504438251246,0.38893622537780115,941
18,1,0.7840646651270208,0.5407740476577543,0.6006821833692537,0.5364653032127045,1732
18,2,0.6490428441203282,0.4062971983706626,0.49579079449822394,0.3831438567520934,1097
