round,client_id,accuracy,macro_precision,macro_recall,macro_f1,num_samples
15,0,0.7566418703506907,0.4190688165970065,0.3932638056907335,0.38473982635828496,941
15,1,0.7806004618937644,0.5507690456049754,0.6012743903418756,0.5392754015613928,1732
15,2,0.6536007292616226,0.41328688392249163,0.5090071178852016,0.39633300856567094,1097
