round,client_id,accuracy,macro_precision,macro_recall,macro_f1,num_samples
4,0,0.7364505844845909,0.4221789333958758,0.3693570542729933,0.3659960397299454,941
4,1,0.7367205542725174,0.5209541107503064,0.5536976533295113,0.4724375590708876,1732
4,2,0.4986326344576117,0.4069348362013532,0.43347560689506304,0.31556154283945176,1097
