round,client_id,accuracy,macro_precision,macro_recall,macro_f1,num_samples
5,0,0.7438894792773645,0.4281567540487632,0.37387805039866273,0.36573252394039246,941
5,1,0.7523094688221709,0.5218687486744387,0.5673739125687061,0.4879525902609704,1732
5,2,0.5250683682771194,0.3955531356363355,0.4435466282802178,0.32270599162322083,1097
