round,client_id,accuracy,macro_precision,macro_recall,macro_f1,num_samples
14,0,0.7587672688629118,0.4299591749313422,0.40690733191841827,0.39144240684791987,941
14,1,0.7615473441108545,0.5344421486902514,0.5766304833672312,0.5179439529259446,1732
14,2,0.6034639927073838,0.41669675994791,0.47808650218335025,0.37785728935054197,1097
