round,client_id,accuracy,macro_precision,macro_recall,macro_f1,num_samples
7,0,0.7492029755579172,0.40755155526481424,0.36324464248633387,0.35609496963194487,941
7,1,0.7534642032332564,0.5443828946200486,0.5887108139256034,0.5161279896327715,1732
7,2,0.5998176845943483,0.40440507375723245,0.44672082660314255,0.3437334452786941,1097
