client_id,num_samples,kl_to_global,class_0,class_1,class_2,class_3,class_4,class_5,class_6,class_7,class_8,class_9,class_10,class_11,class_12,class_13,class_14,class_15,class_16,class_17,class_18,class_19,prop_0,prop_1,prop_2,prop_3,prop_4,prop_5,prop_6,prop_7,prop_8,prop_9,prop_10,prop_11,prop_12,prop_13,prop_14,prop_15,prop_16,prop_17,prop_18,prop_19,dirichlet_alpha
0,4735,0.4310178103569971,14,166,14,74,151,465,11,20,461,19,678,652,332,270,543,8,146,275,185,251,0.0029567053854276664,0.03505807814149947,0.0029567053854276664,0.01562829989440338,0.031890179514255546,0.09820485744456177,0.0023231256599788807,0.004223864836325237,0.09736008447729673,0.004012671594508976,0.14318901795142555,0.13769799366420274,0.07011615628299894,0.057022175290390706,0.1146779303062302,0.001689545934530095,0.030834213305174236,0.05807814149947202,0.03907074973600845,0.053009503695881734,0.5
1,5004,0.40971692987423375,45,432,0,255,538,26,16,634,15,550,110,31,175,304,216,652,461,374,130,40,0.008992805755395683,0.08633093525179857,0.0,0.050959232613908875,0.10751398880895284,0.005195843325339729,0.0031974420463629096,0.1266986410871303,0.002997601918465228,0.10991207034372502,0.021982414068745005,0.006195043964828137,0.03497202238209433,0.060751398880895285,0.04316546762589928,0.13029576338928858,0.09212629896083134,0.07474020783373302,0.02597921662669864,0.007993605115907274,0.5
2,5337,0.30828450243475786,580,180,774,457,81,299,753,138,321,226,11,110,280,218,31,138,121,103,305,211,0.10867528574105302,0.03372681281618887,0.14502529510961215,0.0856286303166573,0.01517706576728499,0.05602398351133596,0.14109050028105677,0.025857223159078135,0.060146149522203485,0.04234588720254825,0.002061083005433764,0.020610830054337642,0.05246393104740491,0.04084691774405096,0.005808506651676972,0.025857223159078135,0.02267191305977141,0.01929923177815252,0.057148210605208916,0.03953531946786584,0.5
