round,client_id,epoch,num_samples,class_0,class_1,class_2,class_3,class_4,class_5,class_6,class_7,class_8,class_9,class_10,class_11,class_12,class_13,class_14,class_15,class_16,class_17,class_18,class_19,prop_0,prop_1,prop_2,prop_3,prop_4,prop_5,prop_6,prop_7,prop_8,prop_9,prop_10,prop_11,prop_12,prop_13,prop_14,prop_15,prop_16,prop_17,prop_18,prop_19
4,1,1,5004,45,432,0,255,538,26,16,634,15,550,110,31,175,304,216,652,461,374,130,40,0.008992805755395683,0.08633093525179857,0.0,0.050959232613908875,0.10751398880895284,0.005195843325339729,0.0031974420463629096,0.1266986410871303,0.002997601918465228,0.10991207034372502,0.021982414068745005,0.006195043964828137,0.03497202238209433,0.060751398880895285,0.04316546762589928,0.13029576338928858,0.09212629896083134,0.07474020783373302,0.02597921662669864,0.007993605115907274
