round,client_id,epoch,num_samples,class_0,class_1,class_2,class_3,class_4,class_5,class_6,class_7,class_8,class_9,class_10,class_11,class_12,class_13,class_14,class_15,class_16,class_17,class_18,class_19,prop_0,prop_1,prop_2,prop_3,prop_4,prop_5,prop_6,prop_7,prop_8,prop_9,prop_10,prop_11,prop_12,prop_13,prop_14,prop_15,prop_16,prop_17,prop_18,prop_19
16,2,1,5337,580,180,774,457,81,299,753,138,321,226,11,110,280,218,31,138,121,103,305,211,0.10867528574105302,0.03372681281618887,0.14502529510961215,0.0856286303166573,0.01517706576728499,0.05602398351133596,0.14109050028105677,0.025857223159078135,0.060146149522203485,0.04234588720254825,0.002061083005433764,0.020610830054337642,0.05246393104740491,0.04084691774405096,0.005808506651676972,0.025857223159078135,0.02267191305977141,0.01929923177815252,0.057148210605208916,0.03953531946786584
