round,client_id,epoch,num_samples,class_0,class_1,class_2,class_3,class_4,class_5,class_6,class_7,class_8,class_9,class_10,class_11,class_12,class_13,class_14,class_15,class_16,class_17,class_18,class_19,prop_0,prop_1,prop_2,prop_3,prop_4,prop_5,prop_6,prop_7,prop_8,prop_9,prop_10,prop_11,prop_12,prop_13,prop_14,prop_15,prop_16,prop_17,prop_18,prop_19
3,0,1,4735,14,166,14,74,151,465,11,20,461,19,678,652,332,270,543,8,146,275,185,251,0.0029567053854276664,0.03505807814149947,0.0029567053854276664,0.01562829989440338,0.031890179514255546,0.09820485744456177,0.0023231256599788807,0.004223864836325237,0.09736008447729673,0.004012671594508976,0.14318901795142555,0.13769799366420274,0.07011615628299894,0.057022175290390706,0.1146779303062302,0.001689545934530095,0.030834213305174236,0.05807814149947202,0.03907074973600845,0.053009503695881734
