round,client_id,accuracy,macro_precision,macro_recall,macro_f1,num_samples
1,0,0.6970260223048327,0.5202912064859676,0.616947516612384,0.48612421029188246,1076
1,1,0.6706676669167292,0.5648200815636664,0.6297220062228616,0.5355817747389817,1333
1,2,0.5731080088170463,0.4893880325742253,0.5748704500607309,0.4691297156185592,1361
