round,client_id,accuracy,macro_precision,macro_recall,macro_f1,num_samples
10,0,0.7946096654275093,0.5896135157999719,0.767060373849848,0.6014501969449441,1076
10,1,0.7471867966991748,0.6228620495358997,0.7745346297435209,0.6275324841409099,1333
10,2,0.7523879500367376,0.5908746597587838,0.667684105588767,0.5944511153255976,1361
