round,client_id,accuracy,macro_precision,macro_recall,macro_f1,num_samples
17,0,0.79182156133829,0.5767350396603934,0.7678164071029479,0.5884282948691475,1076
17,1,0.7524381095273819,0.6235728729085109,0.7592148145213414,0.6357146127447424,1333
17,2,0.75165319617928,0.609402447210695,0.6979994807217771,0.6115125643364814,1361
