round,client_id,accuracy,macro_precision,macro_recall,macro_f1,num_samples
14,0,0.7899628252788105,0.583549094077703,0.7743424884231133,0.5945099105822759,1076
14,1,0.7524381095273819,0.6280246449476172,0.7603111637029958,0.6350472912533133,1333
14,2,0.7325495958853784,0.596222768007789,0.6942056632838713,0.5895599768188038,1361
