round,client_id,accuracy,macro_precision,macro_recall,macro_f1,num_samples
22,0,0.7871747211895911,0.5661583341526208,0.7653671848363742,0.5941463606080656,1076
22,1,0.7576894223555889,0.6383214730267268,0.7604487536034987,0.6515858877789517,1333
22,2,0.7509184423218221,0.605317723348263,0.7013400500071056,0.6167434387934028,1361
