round,client_id,accuracy,macro_precision,macro_recall,macro_f1,num_samples
13,0,0.783457249070632,0.5829845698595656,0.7731435581635454,0.5991352251703927,1076
13,1,0.7531882970742686,0.6310161811160053,0.7819541077344863,0.6516827244101664,1333
13,2,0.7553269654665687,0.601943677142532,0.6800843499876298,0.6085302886191943,1361
