round,client_id,accuracy,macro_precision,macro_recall,macro_f1,num_samples
9,0,0.7899628252788105,0.5791654990222295,0.7614336897178411,0.5971391897204295,1076
9,1,0.7569392348087022,0.6328747264015332,0.7790452232618862,0.6499170298089902,1333
9,2,0.7340191036002939,0.5897123231400653,0.6643650550910688,0.588406856297228,1361
