round,client_id,accuracy,macro_precision,macro_recall,macro_f1,num_samples
6,0,0.7890334572490706,0.5727477874974082,0.7659044753698669,0.5813441130950875,1076
6,1,0.735933983495874,0.6198289759444553,0.764675951336834,0.6208460964030321,1333
6,2,0.7244673034533431,0.5746548401426906,0.6559131555379252,0.5739423360617437,1361
