round,client_id,accuracy,macro_precision,macro_recall,macro_f1,num_samples
11,0,0.7620817843866171,0.5757489543023799,0.7597885446505097,0.5943088995854005,1076
11,1,0.7644411102775694,0.6450144913749518,0.773589556004362,0.6653494063431766,1333
11,2,0.7465099191770757,0.6051360668877941,0.6708802194926723,0.6023321631623693,1361
