round,client_id,accuracy,macro_precision,macro_recall,macro_f1,num_samples
2,0,0.7518587360594795,0.5540800755017533,0.704591982977574,0.5480628009960723,1076
2,1,0.7036759189797449,0.5863363372721326,0.6822313748907771,0.5679238849663901,1333
2,2,0.659808963997061,0.5548638913743387,0.602995559082212,0.5163252080910864,1361
