round,client_id,accuracy,macro_precision,macro_recall,macro_f1,num_samples
15,0,0.7890334572490706,0.5700125134493164,0.7521872988719558,0.5852977682524306,1076
15,1,0.7404351087771943,0.6220554059553128,0.7463378394402781,0.6213366918219967,1333
15,2,0.745775165319618,0.595639970284114,0.699813591250887,0.5983502048567375,1361
