{
  "best_round": 1,
  "best_rouge1": 43.10244821987841,
  "best_rouge2": 20.445214029108296,
  "best_rougeL": 30.092648351725305,
  "best_bleu1": 32.63486924371206,
  "best_bleu4": 12.804070932061187,
  "best_train_loss": 1.7697930421148027,
  "best_val_loss": 1.6309150614320458,
  "best_gini_coefficient": 0.0,
  "best_mean_contribution": 0.0013697156464694536,
  "best_min_contribution": 0.0004418912947414936,
  "best_max_contribution": 0.0030864197530864196,
  "best_cv_contribution": 0.0,
  "best_num_samples": 5000.0
}