{
  "round_times_sec": [
    882.0734901428223,
    1066.9904096126556,
    885.3706407546997,
    887.0114533901215,
    1069.7625789642334
  ],
  "total_time_sec": 4791.2085773944855,
  "num_rounds": 5,
  "num_clients": 4
}