{
  "train_loss": [
    1.7697930421148027,
    1.3167791253059384,
    1.2720372321713675,
    1.4201600198640754,
    1.4534354601142447
  ],
  "val_loss": [
    1.6309150614320458,
    1.5978965666504874,
    1.5979054516978854,
    1.5975083983730602,
    1.5974410079692913
  ],
  "test_loss": [
    null,
    null,
    null,
    null,
    1.6341392372401207
  ],
  "rouge1": [
    43.10244821987841,
    42.78183767733703,
    42.75025588716332,
    42.78598126571062,
    42.758202806851564
  ],
  "rouge2": [
    20.445214029108296,
    20.335843805753207,
    20.33446219553746,
    20.33073953706731,
    20.336865862179515
  ],
  "rougeL": [
    30.092648351725305,
    29.923288538267837,
    29.917658151475777,
    29.955041379718416,
    29.954383068367335
  ],
  "bleu1": [
    32.63486924371206,
    32.871867731904466,
    32.87413979247047,
    32.889498350470284,
    32.865726311122984
  ],
  "bleu2": [
    22.015091729636417,
    22.240140188111457,
    22.242957191453108,
    22.241674690087173,
    22.22259664360054
  ],
  "bleu3": [
    16.610083042970196,
    16.861668473767782,
    16.865034681046787,
    16.846865993971313,
    16.83121436074056
  ],
  "bleu4": [
    12.804070932061187,
    13.060117962537982,
    13.06407248843987,
    13.035374519013809,
    13.022655497426667
  ],
  "gini_coefficient": [
    0.0,
    0.0,
    0.0,
    0.0,
    0.0
  ],
  "mean_contribution": [
    0.0013697156464694536,
    0.0013697156464694536,
    0.0013697156464694536,
    0.0013697156464694536,
    0.0013697156464694536
  ],
  "min_contribution": [
    0.0004418912947414936,
    0.0004418912947414936,
    0.0004418912947414936,
    0.0004418912947414936,
    0.0004418912947414936
  ],
  "max_contribution": [
    0.0030864197530864196,
    0.0030864197530864196,
    0.0030864197530864196,
    0.0030864197530864196,
    0.0030864197530864196
  ],
  "cv_contribution": [
    0.0,
    0.0,
    0.0,
    0.0,
    0.0
  ],
  "num_samples": [
    5000,
    5000,
    5000,
    5000,
    5000
  ]
}