client_id,train_size,train_prop,test_size,test_prop
0,1171,0.07767312284425577,617,0.1636604774535809
1,2117,0.14042186256301406,388,0.10291777188328913
2,1785,0.11840010612894666,355,0.09416445623342175
3,3921,0.2600822499336694,544,0.1442970822281167
4,1734,0.1150172459538339,541,0.14350132625994694
5,810,0.053727779251790925,519,0.1376657824933687
6,1013,0.06719288936057309,362,0.0960212201591512
7,2525,0.16748474396391616,444,0.11777188328912466
