{
  "best_round": 2,
  "best_rouge1": 42.99553205912753,
  "best_rouge2": 20.83892725301526,
  "best_rougeL": 30.841071411453516,
  "best_bleu1": 33.615675250589476,
  "best_bleu4": 13.171627529284123,
  "best_train_loss": 1.6145743812833513,
  "best_val_loss": 1.55074217013956,
  "best_gini_coefficient": 0.0,
  "best_mean_contribution": 0.013095912868981902,
  "best_min_contribution": 0.0003456619426201175,
  "best_max_contribution": 0.038461538461538464,
  "best_cv_contribution": 0.0,
  "best_num_samples": 5000.0
}