{
  "round_times_sec": [
    1124.5779445171356,
    784.3462777137756,
    1122.5854930877686,
    1130.9930067062378,
    1129.6379888057709
  ],
  "total_time_sec": 5292.1407153606415,
  "num_rounds": 5,
  "num_clients": 3
}