{
  "train_loss": [
    2.229003894362828,
    1.6145743812833513,
    1.5746977682011414,
    1.2689633463172245,
    1.294239256019483
  ],
  "val_loss": [
    1.5523301022799514,
    1.55074217013956,
    1.5507470490945117,
    1.550644264498777,
    1.5506218512011003
  ],
  "test_loss": [
    null,
    null,
    null,
    null,
    1.628039652971297
  ],
  "rouge1": [
    43.38719655316489,
    42.99553205912753,
    42.9930822611355,
    42.923351999418436,
    42.991446197455296
  ],
  "rouge2": [
    21.063672209910543,
    20.83892725301526,
    20.851131182063444,
    20.640690973140835,
    20.691734286684156
  ],
  "rougeL": [
    30.669786023371156,
    30.841071411453516,
    30.81517978999607,
    30.630804807287387,
    30.647124739022377
  ],
  "bleu1": [
    34.09581903082586,
    33.615675250589476,
    33.618646596059286,
    33.48975947525224,
    33.49659231344395
  ],
  "bleu2": [
    23.14678425850803,
    22.79450736227578,
    22.796080158658437,
    22.63848051871426,
    22.63982764088972
  ],
  "bleu3": [
    17.57536457512578,
    17.158628134135228,
    17.16011506316008,
    16.98098339885963,
    16.981875123634296
  ],
  "bleu4": [
    13.641544618525566,
    13.171627529284123,
    13.173098719778181,
    12.980670077460994,
    12.981863205430784
  ],
  "gini_coefficient": [
    0.0,
    0.0,
    0.0,
    0.0,
    0.0
  ],
  "mean_contribution": [
    0.013095912868981902,
    0.013095912868981902,
    0.013095912868981902,
    0.013095912868981902,
    0.013095912868981902
  ],
  "min_contribution": [
    0.0003456619426201175,
    0.0003456619426201175,
    0.0003456619426201175,
    0.0003456619426201175,
    0.0003456619426201175
  ],
  "max_contribution": [
    0.038461538461538464,
    0.038461538461538464,
    0.038461538461538464,
    0.038461538461538464,
    0.038461538461538464
  ],
  "cv_contribution": [
    0.0,
    0.0,
    0.0,
    0.0,
    0.0
  ],
  "num_samples": [
    5000,
    5000,
    5000,
    5000,
    5000
  ]
}