client_id,train_size,train_prop,test_size,test_prop
0,2437,0.16164765189705493,808,0.2143236074270557
1,2790,0.18506235075616875,939,0.2490716180371353
2,2393,0.1587291058636243,514,0.1363395225464191
3,2246,0.14897850888829928,396,0.10503978779840849
4,2913,0.1932210135314407,588,0.1559681697612732
5,2297,0.15236136906341205,525,0.13925729442970822
