round,client_id,epoch,num_samples,class_0,class_1,class_2,class_3,class_4,class_5,class_6,class_7,class_8,class_9,class_10,class_11,class_12,class_13,class_14,class_15,class_16,class_17,class_18,class_19,prop_0,prop_1,prop_2,prop_3,prop_4,prop_5,prop_6,prop_7,prop_8,prop_9,prop_10,prop_11,prop_12,prop_13,prop_14,prop_15,prop_16,prop_17,prop_18,prop_19
7,0,1,1367,12,71,92,0,1,86,236,13,5,284,20,54,4,118,96,258,1,8,8,0,0.008778346744696415,0.05193855157278712,0.06730065837600585,0.0,0.000731528895391368,0.06291148500365765,0.17264081931236283,0.009509875640087784,0.0036576444769568397,0.2077542062911485,0.014630577907827359,0.03950256035113387,0.002926115581565472,0.08632040965618142,0.07022677395757132,0.18873445501097294,0.000731528895391368,0.005852231163130944,0.005852231163130944,0.0
