round,client_id,epoch,num_samples,class_0,class_1,class_2,class_3,class_4,class_5,class_6,class_7,class_8,class_9,class_10,class_11,class_12,class_13,class_14,class_15,class_16,class_17,class_18,class_19,prop_0,prop_1,prop_2,prop_3,prop_4,prop_5,prop_6,prop_7,prop_8,prop_9,prop_10,prop_11,prop_12,prop_13,prop_14,prop_15,prop_16,prop_17,prop_18,prop_19
15,6,1,1420,39,7,33,24,8,165,9,2,53,84,167,243,26,147,46,67,51,57,186,6,0.027464788732394368,0.004929577464788733,0.02323943661971831,0.016901408450704224,0.005633802816901409,0.11619718309859155,0.006338028169014085,0.0014084507042253522,0.03732394366197183,0.059154929577464786,0.1176056338028169,0.17112676056338028,0.018309859154929577,0.10352112676056338,0.0323943661971831,0.047183098591549295,0.03591549295774648,0.04014084507042254,0.13098591549295774,0.004225352112676056
