round,client_id,epoch,num_samples,class_0,class_1,class_2,class_3,class_4,class_5,class_6,class_7,class_8,class_9,class_10,class_11,class_12,class_13,class_14,class_15,class_16,class_17,class_18,class_19,prop_0,prop_1,prop_2,prop_3,prop_4,prop_5,prop_6,prop_7,prop_8,prop_9,prop_10,prop_11,prop_12,prop_13,prop_14,prop_15,prop_16,prop_17,prop_18,prop_19
4,1,1,2158,38,369,133,16,123,292,6,184,195,13,66,11,130,138,45,0,93,63,0,243,0.017608897126969416,0.17099165894346618,0.061631139944392954,0.0074142724745134385,0.056997219647822055,0.13531047265987026,0.0027803521779425394,0.08526413345690455,0.09036144578313253,0.006024096385542169,0.030583873957367932,0.005097312326227989,0.060240963855421686,0.0639481000926784,0.020852641334569044,0.0,0.04309545875810936,0.029193697868396665,0.0,0.11260426320667284
