round,client_id,epoch,num_samples,class_0,class_1,class_2,class_3,class_4,class_5,class_6,class_7,class_8,class_9,class_10,class_11,class_12,class_13,class_14,class_15,class_16,class_17,class_18,class_19,prop_0,prop_1,prop_2,prop_3,prop_4,prop_5,prop_6,prop_7,prop_8,prop_9,prop_10,prop_11,prop_12,prop_13,prop_14,prop_15,prop_16,prop_17,prop_18,prop_19
19,7,1,1803,18,62,31,85,68,0,17,134,26,208,185,53,454,126,13,115,163,27,6,12,0.009983361064891847,0.03438713255684969,0.017193566278424846,0.04714364947310039,0.03771491957848031,0.0,0.009428729894620078,0.07432057681641709,0.014420410427066,0.115363283416528,0.10260676650027732,0.029395452024403773,0.25180255130338325,0.06988352745424292,0.007210205213533,0.06378258458125347,0.0904048807542984,0.014975041597337771,0.0033277870216306157,0.0066555740432612314
