round,client_id,epoch,num_samples,class_0,class_1,class_2,class_3,class_4,class_5,class_6,class_7,class_8,class_9,class_10,class_11,class_12,class_13,class_14,class_15,class_16,class_17,class_18,class_19,prop_0,prop_1,prop_2,prop_3,prop_4,prop_5,prop_6,prop_7,prop_8,prop_9,prop_10,prop_11,prop_12,prop_13,prop_14,prop_15,prop_16,prop_17,prop_18,prop_19
21,2,1,1669,502,1,12,1,352,18,18,3,194,14,9,73,91,38,133,85,1,1,120,3,0.3007789095266627,0.0005991611743559018,0.007189934092270821,0.0005991611743559018,0.21090473337327742,0.01078490113840623,0.01078490113840623,0.0017974835230677051,0.11623726782504494,0.008388256440982624,0.005392450569203115,0.04373876572798083,0.05452366686638706,0.022768124625524265,0.07968843618933494,0.050928699820251645,0.0005991611743559018,0.0005991611743559018,0.07189934092270821,0.0017974835230677051
