round,client_id,epoch,num_samples,class_0,class_1,class_2,class_3,class_4,class_5,class_6,class_7,class_8,class_9,class_10,class_11,class_12,class_13,class_14,class_15,class_16,class_17,class_18,class_19,prop_0,prop_1,prop_2,prop_3,prop_4,prop_5,prop_6,prop_7,prop_8,prop_9,prop_10,prop_11,prop_12,prop_13,prop_14,prop_15,prop_16,prop_17,prop_18,prop_19
5,3,1,2132,1,198,296,133,38,205,42,372,26,86,13,261,27,89,100,0,1,180,42,22,0.00046904315196998124,0.09287054409005628,0.13883677298311445,0.0623827392120075,0.017823639774859287,0.09615384615384616,0.019699812382739212,0.17448405253283303,0.012195121951219513,0.040337711069418386,0.006097560975609756,0.1224202626641651,0.012664165103189493,0.04174484052532833,0.04690431519699812,0.0,0.00046904315196998124,0.08442776735459662,0.019699812382739212,0.010318949343339587
