round,client_id,epoch,num_samples,class_0,class_1,class_2,class_3,class_4,class_5,class_6,class_7,class_8,class_9,class_10,class_11,class_12,class_13,class_14,class_15,class_16,class_17,class_18,class_19,prop_0,prop_1,prop_2,prop_3,prop_4,prop_5,prop_6,prop_7,prop_8,prop_9,prop_10,prop_11,prop_12,prop_13,prop_14,prop_15,prop_16,prop_17,prop_18,prop_19
18,8,1,2125,18,36,154,231,45,3,412,3,205,93,12,5,16,58,232,202,18,152,31,199,0.008470588235294117,0.016941176470588234,0.07247058823529412,0.10870588235294118,0.021176470588235293,0.001411764705882353,0.19388235294117648,0.001411764705882353,0.09647058823529411,0.04376470588235294,0.005647058823529412,0.002352941176470588,0.0075294117647058826,0.027294117647058823,0.10917647058823529,0.09505882352941177,0.008470588235294117,0.07152941176470588,0.014588235294117647,0.09364705882352942
