round,client_id,epoch,num_samples,class_0,class_1,class_2,class_3,class_4,class_5,class_6,class_7,class_8,class_9,class_10,class_11,class_12,class_13,class_14,class_15,class_16,class_17,class_18,class_19,prop_0,prop_1,prop_2,prop_3,prop_4,prop_5,prop_6,prop_7,prop_8,prop_9,prop_10,prop_11,prop_12,prop_13,prop_14,prop_15,prop_16,prop_17,prop_18,prop_19
16,4,1,1046,3,30,12,1,103,2,1,16,74,13,150,25,9,74,1,35,341,34,106,16,0.0028680688336520078,0.028680688336520075,0.011472275334608031,0.0009560229445506692,0.09847036328871893,0.0019120458891013384,0.0009560229445506692,0.015296367112810707,0.07074569789674952,0.0124282982791587,0.14340344168260039,0.02390057361376673,0.008604206500956023,0.07074569789674952,0.0009560229445506692,0.033460803059273424,0.3260038240917782,0.032504780114722756,0.10133843212237094,0.015296367112810707
