round,client_id,epoch,num_samples,class_0,class_1,class_2,class_3,class_4,class_5,class_6,class_7,class_8,class_9,class_10,class_11,class_12,class_13,class_14,class_15,class_16,class_17,class_18,class_19,prop_0,prop_1,prop_2,prop_3,prop_4,prop_5,prop_6,prop_7,prop_8,prop_9,prop_10,prop_11,prop_12,prop_13,prop_14,prop_15,prop_16,prop_17,prop_18,prop_19
20,5,1,1356,8,4,25,295,32,19,39,65,19,0,177,68,30,4,124,36,59,230,121,1,0.0058997050147492625,0.0029498525073746312,0.018436578171091445,0.21755162241887904,0.02359882005899705,0.014011799410029498,0.028761061946902654,0.04793510324483776,0.014011799410029498,0.0,0.13053097345132744,0.05014749262536873,0.022123893805309734,0.0029498525073746312,0.09144542772861357,0.02654867256637168,0.043510324483775814,0.1696165191740413,0.08923303834808259,0.0007374631268436578
