round,client_id,accuracy,macro_precision,macro_recall,macro_f1,num_samples
11,0,0.7821100917431193,0.5914635648992572,0.707104211469413,0.6020235002183076,436
11,1,0.7124600638977636,0.5902492040187494,0.7071159438138561,0.5919202708462331,626
11,2,0.766721044045677,0.5651122450838872,0.694918278442368,0.5787675722532045,613
11,3,0.7400881057268722,0.5272775939669443,0.6547193117235397,0.5482601333640938,454
11,4,0.7372549019607844,0.574341174446841,0.6990479749229749,0.5858570243321756,255
11,5,0.7354368932038835,0.5699172234291283,0.7061766336940121,0.5821038099315644,412
11,6,0.7486338797814208,0.5516060614670346,0.6547801458946969,0.5810824613828567,366
11,7,0.8271604938271605,0.6446738734238735,0.6867587775057287,0.6424657226831141,243
11,8,0.7178082191780822,0.5369740992223829,0.6257042487194198,0.5472960737683303,365
