round,client_id,accuracy,macro_precision,macro_recall,macro_f1,num_samples
19,0,0.7958715596330275,0.5757803998873677,0.677805625567464,0.5884377829929711,436
19,1,0.7460063897763578,0.6199716827831735,0.740777932497584,0.6346019525036581,626
19,2,0.7846655791190864,0.6021665189965704,0.7345164579701875,0.6221246268009545,613
19,3,0.7555066079295154,0.5307312235441745,0.6175565982621958,0.5524332692809316,454
19,4,0.7529411764705882,0.6164265967007903,0.7479358124358124,0.6382963568161191,255
19,5,0.7378640776699029,0.5558089068928276,0.6628750155835558,0.5629432240176964,412
19,6,0.7486338797814208,0.5657682019853073,0.657551981901827,0.5827973409877434,366
19,7,0.8065843621399177,0.6670527603593964,0.7059747121043655,0.6643829675498685,243
19,8,0.7397260273972602,0.5635327655436351,0.6395983950900588,0.5794074486802022,365
