round,client_id,accuracy,macro_precision,macro_recall,macro_f1,num_samples
17,0,0.7889908256880734,0.5670020364467627,0.6636463480633588,0.5749218991828406,436
17,1,0.7380191693290735,0.6058375462611914,0.7259518196148482,0.6143720757940685,626
17,2,0.7862969004893964,0.5930283649549544,0.7354913184788516,0.6175799367818453,613
17,3,0.7422907488986784,0.5319064211560415,0.660137729177683,0.5557838479894904,454
17,4,0.7450980392156863,0.5951978576978576,0.7645896415896416,0.6245660309411984,255
17,5,0.75,0.580054654812608,0.7095355455534205,0.5942204413919379,412
17,6,0.7486338797814208,0.555065259028025,0.6079095736564777,0.5576760735673361,366
17,7,0.831275720164609,0.6599542237042237,0.7056476663946175,0.6606391780714008,243
17,8,0.7315068493150685,0.5454691261326067,0.6183804513087727,0.5592162420681619,365
