round,client_id,accuracy,macro_precision,macro_recall,macro_f1,num_samples
14,0,0.7912844036697247,0.5708254618414682,0.6733217455562501,0.5806555489011413,436
14,1,0.7412140575079872,0.6189551827260672,0.7328990860884039,0.6282759144871524,626
14,2,0.7846655791190864,0.5899131864286462,0.7236052715259128,0.6088813990346975,613
14,3,0.7466960352422908,0.5218762483041669,0.6100196600766509,0.5391972399199157,454
14,4,0.7490196078431373,0.5994027366395788,0.7448505843505844,0.6217341504545192,255
14,5,0.7451456310679612,0.5672565767565767,0.6561894229570495,0.5708624136028135,412
14,6,0.7486338797814208,0.566924000062545,0.615155962888161,0.5692639350857894,366
14,7,0.8065843621399177,0.6795987176873604,0.7148108267813016,0.6666317485601381,243
14,8,0.7232876712328767,0.5224376724067127,0.6018715788918815,0.535220438654621,365
