round,client_id,accuracy,macro_precision,macro_recall,macro_f1,num_samples
2,0,0.6972477064220184,0.5062922861452274,0.567113373841991,0.480444405692924,436
2,1,0.5926517571884984,0.5398831510606523,0.6320333602624909,0.5001311653270601,626
2,2,0.6818923327895595,0.5169107401855404,0.6326778359211431,0.5003701735277002,613
2,3,0.698237885462555,0.5038754486185372,0.6025121368180975,0.48972064333470283,454
2,4,0.6980392156862745,0.5192786520398722,0.6249978809978809,0.5227968428310764,255
2,5,0.6771844660194175,0.5172576294565218,0.589124838253438,0.49886329579310446,412
2,6,0.6775956284153005,0.5341694363344967,0.6166392723203867,0.5505479435121692,366
2,7,0.7901234567901234,0.6437609491957319,0.6901494482287164,0.6279230334327787,243
2,8,0.6602739726027397,0.4926180763364047,0.5509363254594621,0.47596178088521957,365
