round,client_id,accuracy,macro_precision,macro_recall,macro_f1,num_samples
12,0,0.7912844036697247,0.5928830981826888,0.714071630015779,0.6059937236656917,436
12,1,0.7172523961661342,0.5772654867047758,0.7105042793022927,0.5911542621805717,626
12,2,0.7781402936378466,0.5807176205722564,0.7152445213411955,0.5985991958388512,613
12,3,0.7400881057268722,0.521336069830902,0.6070255675592073,0.5377968780168524,454
12,4,0.7529411764705882,0.5807460899317938,0.7063276864526864,0.5937826791058882,255
12,5,0.7402912621359223,0.5659756956835624,0.663029120829518,0.5676696422116962,412
12,6,0.7486338797814208,0.576192354556199,0.6169741447063427,0.5781762033992669,366
12,7,0.8189300411522634,0.6426038162880269,0.6941893330612843,0.6435816460922963,243
12,8,0.7205479452054795,0.5299155896974412,0.6089101009044601,0.5371308878857761,365
