round,client_id,accuracy,macro_precision,macro_recall,macro_f1,num_samples
22,0,0.7912844036697247,0.5763408400431993,0.6740792459803715,0.5900532236452184,436
22,1,0.7412140575079872,0.606868642064633,0.7325805743002258,0.6206964106636867,626
22,2,0.7765089722675367,0.5944515539365486,0.7291138044130528,0.6125250844897385,613
22,3,0.7577092511013216,0.5421745665601083,0.6619617326045868,0.5690884372199548,454
22,4,0.7490196078431373,0.6251844995223603,0.7485332849082849,0.6390853917324505,255
22,5,0.7402912621359223,0.542659741423348,0.6596527553876113,0.5565706581644982,412
22,6,0.7513661202185792,0.5654765340445631,0.6651889854211837,0.5839315304364197,366
22,7,0.8189300411522634,0.6445499894842001,0.691936623034184,0.6458306388112254,243
22,8,0.7342465753424657,0.5433360543544788,0.6231003727578823,0.5582961374225291,365
