round,client_id,accuracy,macro_precision,macro_recall,macro_f1,num_samples
4,0,0.7362385321100917,0.5161320346320346,0.6045086361770243,0.5105819983762993,436
4,1,0.6741214057507987,0.5712338823894803,0.6579696609587765,0.550516578021707,626
4,2,0.7357259380097879,0.5518689771255376,0.6704928853281619,0.5560591098983914,613
4,3,0.7180616740088106,0.49568338042984267,0.5946948925481668,0.5119426670025756,454
4,4,0.7098039215686275,0.5268244596801261,0.6309930807430807,0.5383324923083475,255
4,5,0.6941747572815534,0.5367197936441358,0.6385224532170908,0.5266109719555647,412
4,6,0.6885245901639344,0.5094602654082206,0.6297237940078497,0.5385899336345018,366
4,7,0.8148148148148148,0.6460760800584818,0.7035856092659687,0.6447609072908419,243
4,8,0.684931506849315,0.4991574906812654,0.6003115600100541,0.5063481100776598,365
