client_id,train_size,train_prop,test_size,test_prop
0,3417,0.22665163173255506,391,0.10371352785145889
1,2590,0.1717962324223932,475,0.1259946949602122
2,4615,0.30611568055187055,1035,0.27453580901856767
3,3225,0.21391615813213055,973,0.2580901856763926
4,1229,0.08152029716105068,896,0.2376657824933687
