{
  "experiment_name": "fed_distilbart_cnndm",
  "config": {
    "experiment_name": "fed_distilbart_cnndm",
    "num_rounds": 5,
    "seed": 42,
    "num_clients": 4,
    "clients_per_round": 2,
    "local_epochs": 1,
    "batch_size": 8,
    "learning_rate": 5e-05,
    "weight_decay": 0.01,
    "warmup_steps": 500,
    "max_grad_norm": 1.0,
    "model_name": "facebook/bart-large-cnn",
    "max_source_length": 1024,
    "max_target_length": 142,
    "data_dir": "./data/cnndm",
    "train_split": "train",
    "val_split": "validation",
    "test_split": "test",
    "max_train_samples": null,
    "max_val_samples": null,
    "max_test_samples": null,
    "output_dir": "./experiment_results/clients_4",
    "model_save_path": "./experiment_results/clients_4/saved_models",
    "logging_steps": 100,
    "eval_steps": 500,
    "save_steps": 1000,
    "use_wandb": true,
    "num_beams": 4,
    "length_penalty": 2.0,
    "no_repeat_ngram_size": 3,
    "num_workers": 2
  },
  "training_summary": {
    "num_rounds": 5,
    "num_clients": 4,
    "elapsed_time_seconds": 18211.598024606705,
    "metrics_file": "./experiment_results/clients_4/fed_distilbart_cnndm_metrics_20250811_015603.json",
    "experiment_name": "fed_distilbart_cnndm"
  },
  "client_summary": {
    "total_contributions": {
      "0": 166.52997589111328,
      "1": 193.54654693603516,
      "2": 249.1333770751953,
      "3": 278.4555435180664
    },
    "avg_contributions": {
      "0": 83.26498794555664,
      "1": 96.77327346801758,
      "2": 83.04445902506511,
      "3": 92.81851450602214
    },
    "participation": {
      "3": 3,
      "1": 2,
      "2": 3,
      "0": 2
    },
    "inequality": {
      "gini": 0.11022270155972055,
      "cv": 0.1991152934359965,
      "mean_contribution": 221.91636085510254,
      "min_contribution": 166.52997589111328,
      "max_contribution": 278.4555435180664
    },
    "total_rounds": 5
  },
  "best_metrics": {
    "phase": [
      1,
      "evaluation"
    ],
    "gini_coefficient": [
      3,
      0.026073496913205724
    ],
    "mean_contribution": [
      1,
      111.14631271362305
    ],
    "min_contribution": [
      1,
      111.04251098632812
    ],
    "max_contribution": [
      1,
      111.25011444091797
    ],
    "cv_contribution": [
      3,
      0.05214699382641145
    ],
    "bleu1": [
      4,
      0.40999347204705194
    ],
    "bleu2": [
      4,
      0.27560665004442153
    ],
    "bleu3": [
      4,
      0.20772011131894977
    ],
    "bleu4": [
      4,
      0.16044200650800486
    ],
    "meteor": [
      1,
      0.0
    ],
    "rouge1_f1": [
      4,
      0.4251917592366132
    ],
    "rouge2_f1": [
      4,
      0.20148838540540323
    ],
    "rougeL_f1": [
      4,
      0.3001577890105694
    ],
    "loss": [
      1,
      1.8214449832836788
    ]
  },
  "completion_time": "2025-08-11T06:59:35.022002"
}