{
  "best_round": 2,
  "best_rouge1": 42.52907323538251,
  "best_rouge2": 20.133988956297863,
  "best_rougeL": 29.783887735836256,
  "best_bleu1": 32.34421215243191,
  "best_bleu4": 12.652864322221255,
  "best_train_loss": 1.154029308271408,
  "best_val_loss": 1.6364394809312106,
  "best_gini_coefficient": 0.0,
  "best_mean_contribution": 0.0004320595813619175,
  "best_min_contribution": 0.00031436655139893113,
  "best_max_contribution": 0.0005497526113249038,
  "best_cv_contribution": 0.0,
  "best_num_samples": 5000.0
}