{
  "round_times_sec": [
    1151.0798969268799,
    1152.0793676376343,
    1152.4051699638367,
    1149.3172669410706,
    1151.7996554374695
  ],
  "total_time_sec": 5756.681361675262,
  "num_rounds": 5,
  "num_clients": 2
}