{
  "train_loss": [
    1.7412020869493485,
    1.154029308271408,
    1.1325374211788177,
    1.1347602568626405,
    1.1746841726064683
  ],
  "val_loss": [
    1.6364379445194177,
    1.6364394809312106,
    1.6364406774656848,
    1.636441558814917,
    1.636442084427991
  ],
  "test_loss": [
    null,
    null,
    null,
    null,
    1.562348342476747
  ],
  "rouge1": [
    42.51901774686636,
    42.52907323538251,
    42.528193903821034,
    42.525548041117915,
    42.525692625991674
  ],
  "rouge2": [
    20.127570800262795,
    20.133988956297863,
    20.133655074335934,
    20.14334138864409,
    20.14628580696607
  ],
  "rougeL": [
    29.7753050621121,
    29.783887735836256,
    29.7732757091436,
    29.768910056815002,
    29.770420521532024
  ],
  "bleu1": [
    32.34448338291622,
    32.34421215243191,
    32.34101856049608,
    32.34107312814499,
    32.3401347467667
  ],
  "bleu2": [
    21.804264993678526,
    21.80262419072136,
    21.80082548881515,
    21.800384932042412,
    21.798604238033782
  ],
  "bleu3": [
    16.43917679909037,
    16.437058721115434,
    16.43594548959418,
    16.435512956860556,
    16.43434877383404
  ],
  "bleu4": [
    12.654383669724965,
    12.652864322221255,
    12.652206429124298,
    12.65163155658879,
    12.650965967054834
  ],
  "gini_coefficient": [
    0.0,
    0.0,
    0.0,
    0.0,
    0.0
  ],
  "mean_contribution": [
    0.0004320595813619175,
    0.0004320595813619175,
    0.0004320595813619175,
    0.0004320595813619175,
    0.0004320595813619175
  ],
  "min_contribution": [
    0.00031436655139893113,
    0.00031436655139893113,
    0.00031436655139893113,
    0.00031436655139893113,
    0.00031436655139893113
  ],
  "max_contribution": [
    0.0005497526113249038,
    0.0005497526113249038,
    0.0005497526113249038,
    0.0005497526113249038,
    0.0005497526113249038
  ],
  "cv_contribution": [
    0.0,
    0.0,
    0.0,
    0.0,
    0.0
  ],
  "num_samples": [
    5000,
    5000,
    5000,
    5000,
    5000
  ]
}