client_id,train_size,train_prop,test_size,test_prop
0,4735,0.31407535155213584,1076,0.2854111405835544
1,5004,0.33191828071106394,1333,0.35358090185676394
2,5337,0.3540063677368002,1361,0.3610079575596817
